model,split,acc,macro_f1,auc_pr,roc_auc,tpr_at_1pct_fpr,tpr_at_5pct_fpr,tpr_at_10pct_fpr,semantic_coverage,defer_rate,threshold_note,eval_track,threshold_policy,val_threshold_t_star,threshold_selection_mode,threshold_target_fpr,threshold_macro_f1_tolerance,threshold_enforce_target_fpr,threshold_fallback_to_macro_f1,threshold_val_macro_f1_best,threshold_val_macro_f1_at_t_star,threshold_val_fpr_at_t_star,threshold_val_tpr_at_t_star,threshold_val_fpr_constraint_satisfied,threshold_val_fpr_gap_to_target,threshold_val_fpr_min_possible,threshold_val_num_feasible_thresholds
M1_TFIDF_ONLY,VAL,0.8993288590604027,0.8747548332866348,0.9406238545936882,0.9021002710027101,0.027777777777777776,0.5462962962962963,0.6203703703703703,,,eval_track=ranking; policy=macro_f1; mode=macro_f1; t*=0.415; target_fpr=0.05; val_fpr=nan; macro_tol=0.020,ranking,macro_f1,0.41500000000000004,macro_f1,,,False,False,0.8747548332866348,0.8747548332866348,,,,,,
M1_TFIDF_ONLY,TEST,0.8523489932885906,0.8120412844036697,0.9609955337878905,0.8970183486238532,0.5412844036697247,0.6146788990825688,0.6972477064220184,,,eval_track=ranking; policy=macro_f1; mode=macro_f1; t*=0.415; target_fpr=0.05; val_fpr=nan; macro_tol=0.020,ranking,macro_f1,0.41500000000000004,macro_f1,,,False,False,0.8747548332866348,0.8747548332866348,,,,,,
M1_TFIDF_ONLY,OOD,0.6315104166666666,0.6314048045043288,0.7283155407921191,0.6783616807725694,0.15885416666666666,0.3098958333333333,0.4166666666666667,,,eval_track=ranking; policy=macro_f1; mode=macro_f1; t*=0.415; target_fpr=0.05; val_fpr=nan; macro_tol=0.020,ranking,macro_f1,0.41500000000000004,macro_f1,,,False,False,0.8747548332866348,0.8747548332866348,,,,,,
M1_TFIDF_ONLY,VAL,0.6510067114093959,0.6464037970062066,0.9406238545936882,0.9021002710027101,0.027777777777777776,0.5462962962962963,0.6203703703703703,,,eval_track=deployment_threshold; policy=low_fpr_enforced; mode=low_fpr_enforced_macro_best; t*=0.959; target_fpr=0.05; val_fpr=0.024; macro_tol=0.020,deployment_threshold,low_fpr_enforced,0.9590000000000001,low_fpr_enforced_macro_best,0.05,0.02,True,True,0.8747548332866348,0.6464037970062066,0.024390243902439025,0.5277777777777778,1.0,-0.025609756097560978,0.0,45.0
M1_TFIDF_ONLY,TEST,0.6308724832214765,0.6275846398545785,0.9609955337878905,0.8970183486238532,0.5412844036697247,0.6146788990825688,0.6972477064220184,,,eval_track=deployment_threshold; policy=low_fpr_enforced; mode=low_fpr_enforced_macro_best; t*=0.959; target_fpr=0.05; val_fpr=0.024; macro_tol=0.020,deployment_threshold,low_fpr_enforced,0.9590000000000001,low_fpr_enforced_macro_best,0.05,0.02,True,True,0.8747548332866348,0.6464037970062066,0.024390243902439025,0.5277777777777778,1.0,-0.025609756097560978,0.0,45.0
M1_TFIDF_ONLY,OOD,0.6002604166666666,0.5310730530490315,0.7283155407921191,0.6783616807725694,0.15885416666666666,0.3098958333333333,0.4166666666666667,,,eval_track=deployment_threshold; policy=low_fpr_enforced; mode=low_fpr_enforced_macro_best; t*=0.959; target_fpr=0.05; val_fpr=0.024; macro_tol=0.020,deployment_threshold,low_fpr_enforced,0.9590000000000001,low_fpr_enforced_macro_best,0.05,0.02,True,True,0.8747548332866348,0.6464037970062066,0.024390243902439025,0.5277777777777778,1.0,-0.025609756097560978,0.0,45.0
M2_TFIDF_PLUS_FLAGS,VAL,0.9060402684563759,0.8839563862928349,0.9430409714424957,0.9157633242999097,0.027777777777777776,0.49074074074074076,0.7592592592592593,,,eval_track=ranking; policy=macro_f1; mode=macro_f1; t*=0.640; target_fpr=0.05; val_fpr=nan; macro_tol=0.020,ranking,macro_f1,0.64,macro_f1,,,False,False,0.8839563862928349,0.8839563862928349,,,,,,
M2_TFIDF_PLUS_FLAGS,TEST,0.8389261744966443,0.8038613426941641,0.9659187000505911,0.9119266055045872,0.44954128440366975,0.6422018348623854,0.7981651376146789,,,eval_track=ranking; policy=macro_f1; mode=macro_f1; t*=0.640; target_fpr=0.05; val_fpr=nan; macro_tol=0.020,ranking,macro_f1,0.64,macro_f1,,,False,False,0.8839563862928349,0.8839563862928349,,,,,,
M2_TFIDF_PLUS_FLAGS,OOD,0.6861979166666666,0.6861931283538059,0.7470846537527296,0.7302313910590277,0.1015625,0.2760416666666667,0.3958333333333333,,,eval_track=ranking; policy=macro_f1; mode=macro_f1; t*=0.640; target_fpr=0.05; val_fpr=nan; macro_tol=0.020,ranking,macro_f1,0.64,macro_f1,,,False,False,0.8839563862928349,0.8839563862928349,,,,,,
M2_TFIDF_PLUS_FLAGS,VAL,0.610738255033557,0.6077523602033406,0.9430409714424957,0.9157633242999097,0.027777777777777776,0.49074074074074076,0.7592592592592593,,,eval_track=deployment_threshold; policy=low_fpr_enforced; mode=low_fpr_enforced_macro_best; t*=0.983; target_fpr=0.05; val_fpr=0.049; macro_tol=0.020,deployment_threshold,low_fpr_enforced,0.983,low_fpr_enforced_macro_best,0.05,0.02,True,True,0.8839563862928349,0.6077523602033406,0.04878048780487805,0.48148148148148145,1.0,-0.0012195121951219523,0.0,18.0
M2_TFIDF_PLUS_FLAGS,TEST,0.5906040268456376,0.5887516401972761,0.9659187000505911,0.9119266055045872,0.44954128440366975,0.6422018348623854,0.7981651376146789,,,eval_track=deployment_threshold; policy=low_fpr_enforced; mode=low_fpr_enforced_macro_best; t*=0.983; target_fpr=0.05; val_fpr=0.049; macro_tol=0.020,deployment_threshold,low_fpr_enforced,0.983,low_fpr_enforced_macro_best,0.05,0.02,True,True,0.8839563862928349,0.6077523602033406,0.04878048780487805,0.48148148148148145,1.0,-0.0012195121951219523,0.0,18.0
M2_TFIDF_PLUS_FLAGS,OOD,0.59765625,0.5344404445447144,0.7470846537527296,0.7302313910590277,0.1015625,0.2760416666666667,0.3958333333333333,,,eval_track=deployment_threshold; policy=low_fpr_enforced; mode=low_fpr_enforced_macro_best; t*=0.983; target_fpr=0.05; val_fpr=0.049; macro_tol=0.020,deployment_threshold,low_fpr_enforced,0.983,low_fpr_enforced_macro_best,0.05,0.02,True,True,0.8839563862928349,0.6077523602033406,0.04878048780487805,0.48148148148148145,1.0,-0.0012195121951219523,0.0,18.0
M3_TFIDF_PLUS_FLAGS_PLUS_IBVS_V1_TOTAL,VAL,0.9194630872483222,0.8990514905149052,0.9381580550903847,0.9202800361336947,0.009259259259259259,0.37962962962962965,0.8055555555555556,,,eval_track=ranking; policy=macro_f1; mode=macro_f1; t*=0.665; target_fpr=0.05; val_fpr=nan; macro_tol=0.020,ranking,macro_f1,0.665,macro_f1,,,False,False,0.8990514905149052,0.8990514905149052,,,,,,
M3_TFIDF_PLUS_FLAGS_PLUS_IBVS_V1_TOTAL,TEST,0.8657718120805369,0.8317524841915086,0.9589670988717014,0.9043577981651376,0.3302752293577982,0.5412844036697247,0.8165137614678899,,,eval_track=ranking; policy=macro_f1; mode=macro_f1; t*=0.665; target_fpr=0.05; val_fpr=nan; macro_tol=0.020,ranking,macro_f1,0.665,macro_f1,,,False,False,0.8990514905149052,0.8990514905149052,,,,,,
M3_TFIDF_PLUS_FLAGS_PLUS_IBVS_V1_TOTAL,OOD,0.6822916666666666,0.6821860562931203,0.7440617475632489,0.722439236111111,0.049479166666666664,0.3307291666666667,0.40625,,,eval_track=ranking; policy=macro_f1; mode=macro_f1; t*=0.665; target_fpr=0.05; val_fpr=nan; macro_tol=0.020,ranking,macro_f1,0.665,macro_f1,,,False,False,0.8990514905149052,0.8990514905149052,,,,,,
M3_TFIDF_PLUS_FLAGS_PLUS_IBVS_V1_TOTAL,VAL,0.5369127516778524,0.5369127516778524,0.9381580550903847,0.9202800361336947,0.009259259259259259,0.37962962962962965,0.8055555555555556,,,eval_track=deployment_threshold; policy=low_fpr_enforced; mode=low_fpr_enforced_macro_best; t*=0.995; target_fpr=0.05; val_fpr=0.024; macro_tol=0.020,deployment_threshold,low_fpr_enforced,0.995,low_fpr_enforced_macro_best,0.05,0.02,True,True,0.8990514905149052,0.5369127516778524,0.024390243902439025,0.37037037037037035,1.0,-0.025609756097560978,0.0,6.0
M3_TFIDF_PLUS_FLAGS_PLUS_IBVS_V1_TOTAL,TEST,0.4563758389261745,0.4528267670127397,0.9589670988717014,0.9043577981651376,0.3302752293577982,0.5412844036697247,0.8165137614678899,,,eval_track=deployment_threshold; policy=low_fpr_enforced; mode=low_fpr_enforced_macro_best; t*=0.995; target_fpr=0.05; val_fpr=0.024; macro_tol=0.020,deployment_threshold,low_fpr_enforced,0.995,low_fpr_enforced_macro_best,0.05,0.02,True,True,0.8990514905149052,0.5369127516778524,0.024390243902439025,0.37037037037037035,1.0,-0.025609756097560978,0.0,6.0
M3_TFIDF_PLUS_FLAGS_PLUS_IBVS_V1_TOTAL,OOD,0.5390625,0.42168182630374296,0.7440617475632489,0.722439236111111,0.049479166666666664,0.3307291666666667,0.40625,,,eval_track=deployment_threshold; policy=low_fpr_enforced; mode=low_fpr_enforced_macro_best; t*=0.995; target_fpr=0.05; val_fpr=0.024; macro_tol=0.020,deployment_threshold,low_fpr_enforced,0.995,low_fpr_enforced_macro_best,0.05,0.02,True,True,0.8990514905149052,0.5369127516778524,0.024390243902439025,0.37037037037037035,1.0,-0.025609756097560978,0.0,6.0
M3_TFIDF_PLUS_FLAGS_PLUS_IBVS_V2_TOTAL,VAL,0.9060402684563759,0.8839563862928349,0.9478579654547767,0.9164408310749774,0.05555555555555555,0.5092592592592593,0.8518518518518519,,,eval_track=ranking; policy=macro_f1; mode=macro_f1; t*=0.625; target_fpr=0.05; val_fpr=nan; macro_tol=0.020,ranking,macro_f1,0.625,macro_f1,,,False,False,0.8839563862928349,0.8839563862928349,,,,,,
M3_TFIDF_PLUS_FLAGS_PLUS_IBVS_V2_TOTAL,TEST,0.8389261744966443,0.8038613426941641,0.9693413310807432,0.9172018348623854,0.5871559633027523,0.6697247706422018,0.8073394495412844,,,eval_track=ranking; policy=macro_f1; mode=macro_f1; t*=0.625; target_fpr=0.05; val_fpr=nan; macro_tol=0.020,ranking,macro_f1,0.625,macro_f1,,,False,False,0.8839563862928349,0.8839563862928349,,,,,,
M3_TFIDF_PLUS_FLAGS_PLUS_IBVS_V2_TOTAL,OOD,0.69140625,0.6914015411612116,0.7555538459440571,0.7362433539496527,0.09895833333333333,0.3307291666666667,0.40625,,,eval_track=ranking; policy=macro_f1; mode=macro_f1; t*=0.625; target_fpr=0.05; val_fpr=nan; macro_tol=0.020,ranking,macro_f1,0.625,macro_f1,,,False,False,0.8839563862928349,0.8839563862928349,,,,,,
M3_TFIDF_PLUS_FLAGS_PLUS_IBVS_V2_TOTAL,VAL,0.6308724832214765,0.6265664160401002,0.9478579654547767,0.9164408310749774,0.05555555555555555,0.5092592592592593,0.8518518518518519,,,eval_track=deployment_threshold; policy=low_fpr_enforced; mode=low_fpr_enforced_macro_best; t*=0.984; target_fpr=0.05; val_fpr=0.049; macro_tol=0.020,deployment_threshold,low_fpr_enforced,0.984,low_fpr_enforced_macro_best,0.05,0.02,True,True,0.8839563862928349,0.6265664160401002,0.04878048780487805,0.5092592592592593,1.0,-0.0012195121951219523,0.0,17.0
M3_TFIDF_PLUS_FLAGS_PLUS_IBVS_V2_TOTAL,TEST,0.5838926174496645,0.5829721921271217,0.9693413310807432,0.9172018348623854,0.5871559633027523,0.6697247706422018,0.8073394495412844,,,eval_track=deployment_threshold; policy=low_fpr_enforced; mode=low_fpr_enforced_macro_best; t*=0.984; target_fpr=0.05; val_fpr=0.049; macro_tol=0.020,deployment_threshold,low_fpr_enforced,0.984,low_fpr_enforced_macro_best,0.05,0.02,True,True,0.8839563862928349,0.6265664160401002,0.04878048780487805,0.5092592592592593,1.0,-0.0012195121951219523,0.0,17.0
M3_TFIDF_PLUS_FLAGS_PLUS_IBVS_V2_TOTAL,OOD,0.59375,0.5272727272727273,0.7555538459440571,0.7362433539496527,0.09895833333333333,0.3307291666666667,0.40625,,,eval_track=deployment_threshold; policy=low_fpr_enforced; mode=low_fpr_enforced_macro_best; t*=0.984; target_fpr=0.05; val_fpr=0.049; macro_tol=0.020,deployment_threshold,low_fpr_enforced,0.984,low_fpr_enforced_macro_best,0.05,0.02,True,True,0.8839563862928349,0.6265664160401002,0.04878048780487805,0.5092592592592593,1.0,-0.0012195121951219523,0.0,17.0
M3_TFIDF_PLUS_FLAGS_PLUS_IBVS_V2_STRUCTURED,VAL,0.9060402684563759,0.8855857832382624,0.9420550504109431,0.916892502258356,0.018518518518518517,0.5185185185185185,0.8240740740740741,,,eval_track=ranking; policy=macro_f1; mode=macro_f1; t*=0.704; target_fpr=0.05; val_fpr=nan; macro_tol=0.020,ranking,macro_f1,0.704,macro_f1,,,False,False,0.8855857832382624,0.8855857832382624,,,,,,
M3_TFIDF_PLUS_FLAGS_PLUS_IBVS_V2_STRUCTURED,TEST,0.8322147651006712,0.7970801329193223,0.9686253700290883,0.9174311926605505,0.4954128440366973,0.7339449541284404,0.7798165137614679,,,eval_track=ranking; policy=macro_f1; mode=macro_f1; t*=0.704; target_fpr=0.05; val_fpr=nan; macro_tol=0.020,ranking,macro_f1,0.704,macro_f1,,,False,False,0.8855857832382624,0.8855857832382624,,,,,,
M3_TFIDF_PLUS_FLAGS_PLUS_IBVS_V2_STRUCTURED,OOD,0.6888020833333334,0.6882942212365185,0.7584248558922455,0.7356770833333334,0.109375,0.3177083333333333,0.4270833333333333,,,eval_track=ranking; policy=macro_f1; mode=macro_f1; t*=0.704; target_fpr=0.05; val_fpr=nan; macro_tol=0.020,ranking,macro_f1,0.704,macro_f1,,,False,False,0.8855857832382624,0.8855857832382624,,,,,,
M3_TFIDF_PLUS_FLAGS_PLUS_IBVS_V2_STRUCTURED,VAL,0.6375838926174496,0.6328039430449068,0.9420550504109431,0.916892502258356,0.018518518518518517,0.5185185185185185,0.8240740740740741,,,eval_track=deployment_threshold; policy=low_fpr_enforced; mode=low_fpr_enforced_macro_best; t*=0.982; target_fpr=0.05; val_fpr=0.049; macro_tol=0.020,deployment_threshold,low_fpr_enforced,0.982,low_fpr_enforced_macro_best,0.05,0.02,True,True,0.8855857832382624,0.6328039430449068,0.04878048780487805,0.5185185185185185,1.0,-0.0012195121951219523,0.0,19.0
M3_TFIDF_PLUS_FLAGS_PLUS_IBVS_V2_STRUCTURED,TEST,0.6241610738255033,0.621278140885984,0.9686253700290883,0.9174311926605505,0.4954128440366973,0.7339449541284404,0.7798165137614679,,,eval_track=deployment_threshold; policy=low_fpr_enforced; mode=low_fpr_enforced_macro_best; t*=0.982; target_fpr=0.05; val_fpr=0.049; macro_tol=0.020,deployment_threshold,low_fpr_enforced,0.982,low_fpr_enforced_macro_best,0.05,0.02,True,True,0.8855857832382624,0.6328039430449068,0.04878048780487805,0.5185185185185185,1.0,-0.0012195121951219523,0.0,19.0
M3_TFIDF_PLUS_FLAGS_PLUS_IBVS_V2_STRUCTURED,OOD,0.60546875,0.5444884440642599,0.7584248558922455,0.7356770833333334,0.109375,0.3177083333333333,0.4270833333333333,,,eval_track=deployment_threshold; policy=low_fpr_enforced; mode=low_fpr_enforced_macro_best; t*=0.982; target_fpr=0.05; val_fpr=0.049; macro_tol=0.020,deployment_threshold,low_fpr_enforced,0.982,low_fpr_enforced_macro_best,0.05,0.02,True,True,0.8855857832382624,0.6328039430449068,0.04878048780487805,0.5185185185185185,1.0,-0.0012195121951219523,0.0,19.0
M3_TFIDF_PLUS_FLAGS_PLUS_IBVS_V2_TRIPWIRE,VAL,0.9060402684563759,0.8855857832382624,0.9450819835978878,0.9157633242999097,0.037037037037037035,0.5277777777777778,0.7962962962962963,,,eval_track=ranking; policy=macro_f1; mode=macro_f1; t*=0.732; target_fpr=0.05; val_fpr=nan; macro_tol=0.020,ranking,macro_f1,0.732,macro_f1,,,False,False,0.8855857832382624,0.8855857832382624,,,,,,
M3_TFIDF_PLUS_FLAGS_PLUS_IBVS_V2_TRIPWIRE,TEST,0.8322147651006712,0.7970801329193223,0.968458468828409,0.914908256880734,0.5504587155963303,0.7155963302752294,0.7522935779816514,,,eval_track=ranking; policy=macro_f1; mode=macro_f1; t*=0.732; target_fpr=0.05; val_fpr=nan; macro_tol=0.020,ranking,macro_f1,0.732,macro_f1,,,False,False,0.8855857832382624,0.8855857832382624,,,,,,
M3_TFIDF_PLUS_FLAGS_PLUS_IBVS_V2_TRIPWIRE,OOD,0.6966145833333334,0.6958302099428355,0.7589791878968709,0.7378472222222222,0.11458333333333333,0.3046875,0.4296875,,,eval_track=ranking; policy=macro_f1; mode=macro_f1; t*=0.732; target_fpr=0.05; val_fpr=nan; macro_tol=0.020,ranking,macro_f1,0.732,macro_f1,,,False,False,0.8855857832382624,0.8855857832382624,,,,,,
M3_TFIDF_PLUS_FLAGS_PLUS_IBVS_V2_TRIPWIRE,VAL,0.6442953020134228,0.6390272889335833,0.9450819835978878,0.9157633242999097,0.037037037037037035,0.5277777777777778,0.7962962962962963,,,eval_track=deployment_threshold; policy=low_fpr_enforced; mode=low_fpr_enforced_macro_best; t*=0.984; target_fpr=0.05; val_fpr=0.049; macro_tol=0.020,deployment_threshold,low_fpr_enforced,0.984,low_fpr_enforced_macro_best,0.05,0.02,True,True,0.8855857832382624,0.6390272889335833,0.04878048780487805,0.5277777777777778,1.0,-0.0012195121951219523,0.0,17.0
M3_TFIDF_PLUS_FLAGS_PLUS_IBVS_V2_TRIPWIRE,TEST,0.5973154362416108,0.5958408679927667,0.968458468828409,0.914908256880734,0.5504587155963303,0.7155963302752294,0.7522935779816514,,,eval_track=deployment_threshold; policy=low_fpr_enforced; mode=low_fpr_enforced_macro_best; t*=0.984; target_fpr=0.05; val_fpr=0.049; macro_tol=0.020,deployment_threshold,low_fpr_enforced,0.984,low_fpr_enforced_macro_best,0.05,0.02,True,True,0.8855857832382624,0.6390272889335833,0.04878048780487805,0.5277777777777778,1.0,-0.0012195121951219523,0.0,17.0
M3_TFIDF_PLUS_FLAGS_PLUS_IBVS_V2_TRIPWIRE,OOD,0.60546875,0.5454849086786084,0.7589791878968709,0.7378472222222222,0.11458333333333333,0.3046875,0.4296875,,,eval_track=deployment_threshold; policy=low_fpr_enforced; mode=low_fpr_enforced_macro_best; t*=0.984; target_fpr=0.05; val_fpr=0.049; macro_tol=0.020,deployment_threshold,low_fpr_enforced,0.984,low_fpr_enforced_macro_best,0.05,0.02,True,True,0.8855857832382624,0.6390272889335833,0.04878048780487805,0.5277777777777778,1.0,-0.0012195121951219523,0.0,17.0
M3_TFIDF_PLUS_FLAGS_PLUS_IBVS_V2_TAILCAL,VAL,0.9060402684563759,0.8839563862928349,0.9411044188146689,0.9157633242999096,0.018518518518518517,0.5185185185185185,0.8333333333333334,,,eval_track=ranking; policy=macro_f1; mode=macro_f1; t*=0.671; target_fpr=0.05; val_fpr=nan; macro_tol=0.020,ranking,macro_f1,0.671,macro_f1,,,False,False,0.8839563862928349,0.8839563862928349,,,,,,
M3_TFIDF_PLUS_FLAGS_PLUS_IBVS_V2_TAILCAL,TEST,0.8389261744966443,0.8038613426941641,0.96814730173735,0.9160550458715596,0.5045871559633027,0.6788990825688074,0.7889908256880734,,,eval_track=ranking; policy=macro_f1; mode=macro_f1; t*=0.671; target_fpr=0.05; val_fpr=nan; macro_tol=0.020,ranking,macro_f1,0.671,macro_f1,,,False,False,0.8839563862928349,0.8839563862928349,,,,,,
M3_TFIDF_PLUS_FLAGS_PLUS_IBVS_V2_TAILCAL,OOD,0.69140625,0.691217260455703,0.7502106173551261,0.7290479871961806,0.109375,0.3098958333333333,0.4010416666666667,,,eval_track=ranking; policy=macro_f1; mode=macro_f1; t*=0.671; target_fpr=0.05; val_fpr=nan; macro_tol=0.020,ranking,macro_f1,0.671,macro_f1,,,False,False,0.8839563862928349,0.8839563862928349,,,,,,
M3_TFIDF_PLUS_FLAGS_PLUS_IBVS_V2_TAILCAL,VAL,0.6308724832214765,0.6265664160401002,0.9411044188146689,0.9157633242999096,0.018518518518518517,0.5185185185185185,0.8333333333333334,,,eval_track=deployment_threshold; policy=low_fpr_enforced; mode=low_fpr_enforced_macro_best; t*=0.982; target_fpr=0.05; val_fpr=0.049; macro_tol=0.020,deployment_threshold,low_fpr_enforced,0.982,low_fpr_enforced_macro_best,0.05,0.02,True,True,0.8839563862928349,0.6265664160401002,0.04878048780487805,0.5092592592592593,1.0,-0.0012195121951219523,0.0,19.0
M3_TFIDF_PLUS_FLAGS_PLUS_IBVS_V2_TAILCAL,TEST,0.6241610738255033,0.621278140885984,0.96814730173735,0.9160550458715596,0.5045871559633027,0.6788990825688074,0.7889908256880734,,,eval_track=deployment_threshold; policy=low_fpr_enforced; mode=low_fpr_enforced_macro_best; t*=0.982; target_fpr=0.05; val_fpr=0.049; macro_tol=0.020,deployment_threshold,low_fpr_enforced,0.982,low_fpr_enforced_macro_best,0.05,0.02,True,True,0.8839563862928349,0.6265664160401002,0.04878048780487805,0.5092592592592593,1.0,-0.0012195121951219523,0.0,19.0
M3_TFIDF_PLUS_FLAGS_PLUS_IBVS_V2_TAILCAL,OOD,0.59765625,0.532348681163847,0.7502106173551261,0.7290479871961806,0.109375,0.3098958333333333,0.4010416666666667,,,eval_track=deployment_threshold; policy=low_fpr_enforced; mode=low_fpr_enforced_macro_best; t*=0.982; target_fpr=0.05; val_fpr=0.049; macro_tol=0.020,deployment_threshold,low_fpr_enforced,0.982,low_fpr_enforced_macro_best,0.05,0.02,True,True,0.8839563862928349,0.6265664160401002,0.04878048780487805,0.5092592592592593,1.0,-0.0012195121951219523,0.0,19.0
