family,split_tag,model,split,acc,macro_f1,auc_pr,roc_auc,tpr_at_1pct_fpr,tpr_at_5pct_fpr,tpr_at_10pct_fpr,semantic_coverage,defer_rate,threshold_note,eval_track,threshold_policy,val_threshold_t_star,threshold_selection_mode,threshold_target_fpr,threshold_macro_f1_tolerance,threshold_enforce_target_fpr,threshold_fallback_to_macro_f1,threshold_val_macro_f1_best,threshold_val_macro_f1_at_t_star,threshold_val_fpr_at_t_star,threshold_val_tpr_at_t_star,threshold_val_fpr_constraint_satisfied,threshold_val_fpr_gap_to_target,threshold_val_fpr_min_possible,threshold_val_num_feasible_thresholds,ood_name,base_model,meta_model,hybrid_feature_mode,meta_C,stack_train_source,backbone_name,max_length,learning_rate,num_epochs,train_batch_size,eval_batch_size,weight_decay,warmup_ratio,training_seed,device
ablation,A,M1_TFIDF_ONLY,OOD,0.6028645833333334,0.6003432843715183,0.7248579033821266,0.6815897623697916,0.1015625,0.2552083333333333,0.40625,,,eval_track=ranking; policy=macro_f1; mode=macro_f1; t*=0.315; target_fpr=0.05; val_fpr=nan; macro_tol=0.020,ranking,macro_f1,0.315,macro_f1,,,False,False,0.861072261072261,0.861072261072261,,,,,,,ood_test,,,,,,,,,,,,,,,
ablation,A,M1_TFIDF_ONLY,OOD,0.5807291666666666,0.5028306742151312,0.7248579033821266,0.6815897623697916,0.1015625,0.2552083333333333,0.40625,,,eval_track=deployment_threshold; policy=low_fpr_enforced; mode=low_fpr_enforced_macro_best; t*=0.965; target_fpr=0.05; val_fpr=0.050; macro_tol=0.020,deployment_threshold,low_fpr_enforced,0.965,low_fpr_enforced_macro_best,0.05,0.02,True,True,0.861072261072261,0.650089791407653,0.05,0.5504587155963303,1.0,0.0,0.0,36.0,ood_test,,,,,,,,,,,,,,,
ablation,A,M2_TFIDF_PLUS_FLAGS,OOD,0.6393229166666666,0.6235926925288627,0.7623520108166664,0.7491522894965278,0.125,0.296875,0.4010416666666667,,,eval_track=ranking; policy=macro_f1; mode=macro_f1; t*=0.249; target_fpr=0.05; val_fpr=nan; macro_tol=0.020,ranking,macro_f1,0.249,macro_f1,,,False,False,0.8639269406392693,0.8639269406392693,,,,,,,ood_test,,,,,,,,,,,,,,,
ablation,A,M2_TFIDF_PLUS_FLAGS,OOD,0.63671875,0.6012676247666934,0.7623520108166664,0.7491522894965278,0.125,0.296875,0.4010416666666667,,,eval_track=deployment_threshold; policy=low_fpr_enforced; mode=low_fpr_enforced_macro_best; t*=0.964; target_fpr=0.05; val_fpr=0.050; macro_tol=0.020,deployment_threshold,low_fpr_enforced,0.964,low_fpr_enforced_macro_best,0.05,0.02,True,True,0.8639269406392693,0.7053672316384181,0.05,0.6330275229357798,1.0,0.0,0.0,37.0,ood_test,,,,,,,,,,,,,,,
ablation,A,M3_TFIDF_PLUS_FLAGS_PLUS_IBVS_V1_TOTAL,OOD,0.6458333333333334,0.6336597547630405,0.755727564832366,0.7391832139756944,0.1145833333333333,0.2864583333333333,0.4322916666666667,,,eval_track=ranking; policy=macro_f1; mode=macro_f1; t*=0.304; target_fpr=0.05; val_fpr=nan; macro_tol=0.020,ranking,macro_f1,0.304,macro_f1,,,False,False,0.8692982456140351,0.8692982456140351,,,,,,,ood_test,,,,,,,,,,,,,,,
ablation,A,M3_TFIDF_PLUS_FLAGS_PLUS_IBVS_V1_TOTAL,OOD,0.6354166666666666,0.599496390550618,0.755727564832366,0.7391832139756944,0.1145833333333333,0.2864583333333333,0.4322916666666667,,,eval_track=deployment_threshold; policy=low_fpr_enforced; mode=low_fpr_enforced_macro_best; t*=0.963; target_fpr=0.05; val_fpr=0.050; macro_tol=0.020,deployment_threshold,low_fpr_enforced,0.963,low_fpr_enforced_macro_best,0.05,0.02,True,True,0.8692982456140351,0.7550290135396518,0.05,0.7064220183486238,1.0,0.0,0.0,38.0,ood_test,,,,,,,,,,,,,,,
ablation,A,M3_TFIDF_PLUS_FLAGS_PLUS_IBVS_V2_TOTAL,OOD,0.6354166666666666,0.6205533596837944,0.7575650400374749,0.7422417534722222,0.0677083333333333,0.3125,0.4140625,,,eval_track=ranking; policy=macro_f1; mode=macro_f1; t*=0.227; target_fpr=0.05; val_fpr=nan; macro_tol=0.020,ranking,macro_f1,0.227,macro_f1,,,False,False,0.879816342991872,0.879816342991872,,,,,,,ood_test,,,,,,,,,,,,,,,
ablation,A,M3_TFIDF_PLUS_FLAGS_PLUS_IBVS_V2_TOTAL,OOD,0.6588541666666666,0.6380798894900426,0.7575650400374749,0.7422417534722222,0.0677083333333333,0.3125,0.4140625,,,eval_track=deployment_threshold; policy=low_fpr_enforced; mode=low_fpr_enforced_macro_best; t*=0.938; target_fpr=0.05; val_fpr=0.050; macro_tol=0.020,deployment_threshold,low_fpr_enforced,0.938,low_fpr_enforced_macro_best,0.05,0.02,True,True,0.879816342991872,0.7932196669310071,0.05,0.7614678899082569,1.0,0.0,0.0,63.0,ood_test,,,,,,,,,,,,,,,
ablation,A,M3_TFIDF_PLUS_FLAGS_PLUS_IBVS_V2_STRUCTURED,OOD,0.6393229166666666,0.62400781903114,0.7562322674556278,0.7392035590277778,0.0859375,0.3020833333333333,0.4192708333333333,,,eval_track=ranking; policy=macro_f1; mode=macro_f1; t*=0.227; target_fpr=0.05; val_fpr=nan; macro_tol=0.020,ranking,macro_f1,0.227,macro_f1,,,False,False,0.8692982456140351,0.8692982456140351,,,,,,,ood_test,,,,,,,,,,,,,,,
ablation,A,M3_TFIDF_PLUS_FLAGS_PLUS_IBVS_V2_STRUCTURED,OOD,0.66015625,0.6392218128542348,0.7562322674556278,0.7392035590277778,0.0859375,0.3020833333333333,0.4192708333333333,,,eval_track=deployment_threshold; policy=low_fpr_enforced; mode=low_fpr_enforced_macro_best; t*=0.940; target_fpr=0.05; val_fpr=0.050; macro_tol=0.020,deployment_threshold,low_fpr_enforced,0.94,low_fpr_enforced_macro_best,0.05,0.02,True,True,0.8692982456140351,0.7867752282260054,0.05,0.7522935779816514,1.0,0.0,0.0,61.0,ood_test,,,,,,,,,,,,,,,
ablation,A,M1_TFIDF_ONLY,OOD,0.7138643067846607,0.6889172697601816,0.9282430669618874,0.9379356253426266,0.3333333333333333,0.6548672566371682,0.8289085545722714,,,eval_track=ranking; policy=macro_f1; mode=macro_f1; t*=0.315; target_fpr=0.05; val_fpr=nan; macro_tol=0.020,ranking,macro_f1,0.315,macro_f1,,,False,False,0.861072261072261,0.861072261072261,,,,,,,ood_test_injection,,,,,,,,,,,,,,,
ablation,A,M1_TFIDF_ONLY,OOD,0.8643067846607669,0.8642642642642643,0.9282430669618874,0.9379356253426266,0.3333333333333333,0.6548672566371682,0.8289085545722714,,,eval_track=deployment_threshold; policy=low_fpr_enforced; mode=low_fpr_enforced_macro_best; t*=0.965; target_fpr=0.05; val_fpr=0.050; macro_tol=0.020,deployment_threshold,low_fpr_enforced,0.965,low_fpr_enforced_macro_best,0.05,0.02,True,True,0.861072261072261,0.650089791407653,0.05,0.5504587155963303,1.0,0.0,0.0,36.0,ood_test_injection,,,,,,,,,,,,,,,
ablation,A,M2_TFIDF_PLUS_FLAGS,OOD,0.6415929203539823,0.5887678310681792,0.7047358435216216,0.793388501666362,0.0117994100294985,0.0766961651917404,0.2359882005899705,,,eval_track=ranking; policy=macro_f1; mode=macro_f1; t*=0.249; target_fpr=0.05; val_fpr=nan; macro_tol=0.020,ranking,macro_f1,0.249,macro_f1,,,False,False,0.8639269406392693,0.8639269406392693,,,,,,,ood_test_injection,,,,,,,,,,,,,,,
ablation,A,M2_TFIDF_PLUS_FLAGS,OOD,0.7463126843657817,0.7452397388956369,0.7047358435216216,0.793388501666362,0.0117994100294985,0.0766961651917404,0.2359882005899705,,,eval_track=deployment_threshold; policy=low_fpr_enforced; mode=low_fpr_enforced_macro_best; t*=0.964; target_fpr=0.05; val_fpr=0.050; macro_tol=0.020,deployment_threshold,low_fpr_enforced,0.964,low_fpr_enforced_macro_best,0.05,0.02,True,True,0.8639269406392693,0.7053672316384181,0.05,0.6330275229357798,1.0,0.0,0.0,37.0,ood_test_injection,,,,,,,,,,,,,,,
ablation,A,M3_TFIDF_PLUS_FLAGS_PLUS_IBVS_V1_TOTAL,OOD,0.6460176991150443,0.5962683604605002,0.6477074285735741,0.7605050425944779,0.0088495575221238,0.0353982300884955,0.1150442477876106,,,eval_track=ranking; policy=macro_f1; mode=macro_f1; t*=0.304; target_fpr=0.05; val_fpr=nan; macro_tol=0.020,ranking,macro_f1,0.304,macro_f1,,,False,False,0.8692982456140351,0.8692982456140351,,,,,,,ood_test_injection,,,,,,,,,,,,,,,
ablation,A,M3_TFIDF_PLUS_FLAGS_PLUS_IBVS_V1_TOTAL,OOD,0.724188790560472,0.724053724053724,0.6477074285735741,0.7605050425944779,0.0088495575221238,0.0353982300884955,0.1150442477876106,,,eval_track=deployment_threshold; policy=low_fpr_enforced; mode=low_fpr_enforced_macro_best; t*=0.963; target_fpr=0.05; val_fpr=0.050; macro_tol=0.020,deployment_threshold,low_fpr_enforced,0.963,low_fpr_enforced_macro_best,0.05,0.02,True,True,0.8692982456140351,0.7550290135396518,0.05,0.7064220183486238,1.0,0.0,0.0,38.0,ood_test_injection,,,,,,,,,,,,,,,
ablation,A,M3_TFIDF_PLUS_FLAGS_PLUS_IBVS_V2_TOTAL,OOD,0.640117994100295,0.5865729680018393,0.6753080128174032,0.7702073598384978,0.0088495575221238,0.0707964601769911,0.168141592920354,,,eval_track=ranking; policy=macro_f1; mode=macro_f1; t*=0.227; target_fpr=0.05; val_fpr=nan; macro_tol=0.020,ranking,macro_f1,0.227,macro_f1,,,False,False,0.879816342991872,0.879816342991872,,,,,,,ood_test_injection,,,,,,,,,,,,,,,
ablation,A,M3_TFIDF_PLUS_FLAGS_PLUS_IBVS_V2_TOTAL,OOD,0.7492625368731564,0.7449661459485772,0.6753080128174032,0.7702073598384978,0.0088495575221238,0.0707964601769911,0.168141592920354,,,eval_track=deployment_threshold; policy=low_fpr_enforced; mode=low_fpr_enforced_macro_best; t*=0.938; target_fpr=0.05; val_fpr=0.050; macro_tol=0.020,deployment_threshold,low_fpr_enforced,0.938,low_fpr_enforced_macro_best,0.05,0.02,True,True,0.879816342991872,0.7932196669310071,0.05,0.7614678899082569,1.0,0.0,0.0,63.0,ood_test_injection,,,,,,,,,,,,,,,
ablation,A,M3_TFIDF_PLUS_FLAGS_PLUS_IBVS_V2_STRUCTURED,OOD,0.640117994100295,0.5865729680018393,0.6810562473125295,0.7747670138616962,0.0088495575221238,0.079646017699115,0.1887905604719764,,,eval_track=ranking; policy=macro_f1; mode=macro_f1; t*=0.227; target_fpr=0.05; val_fpr=nan; macro_tol=0.020,ranking,macro_f1,0.227,macro_f1,,,False,False,0.8692982456140351,0.8692982456140351,,,,,,,ood_test_injection,,,,,,,,,,,,,,,
ablation,A,M3_TFIDF_PLUS_FLAGS_PLUS_IBVS_V2_STRUCTURED,OOD,0.7566371681415929,0.7513353471902695,0.6810562473125295,0.7747670138616962,0.0088495575221238,0.079646017699115,0.1887905604719764,,,eval_track=deployment_threshold; policy=low_fpr_enforced; mode=low_fpr_enforced_macro_best; t*=0.940; target_fpr=0.05; val_fpr=0.050; macro_tol=0.020,deployment_threshold,low_fpr_enforced,0.94,low_fpr_enforced_macro_best,0.05,0.02,True,True,0.8692982456140351,0.7867752282260054,0.05,0.7522935779816514,1.0,0.0,0.0,61.0,ood_test_injection,,,,,,,,,,,,,,,
ablation,A,M1_TFIDF_ONLY,OOD,0.6061214249874561,0.5452824035751821,0.6895125924429422,0.7409495703602851,0.0250878073256397,0.1389864525840441,0.2754641244355243,,,eval_track=ranking; policy=macro_f1; mode=macro_f1; t*=0.315; target_fpr=0.05; val_fpr=nan; macro_tol=0.020,ranking,macro_f1,0.315,macro_f1,,,False,False,0.861072261072261,0.861072261072261,,,,,,,ood_test_injection_standard,,,,,,,,,,,,,,,
ablation,A,M1_TFIDF_ONLY,OOD,0.6889111891620673,0.6860275314770321,0.6895125924429422,0.7409495703602851,0.0250878073256397,0.1389864525840441,0.2754641244355243,,,eval_track=deployment_threshold; policy=low_fpr_enforced; mode=low_fpr_enforced_macro_best; t*=0.965; target_fpr=0.05; val_fpr=0.050; macro_tol=0.020,deployment_threshold,low_fpr_enforced,0.965,low_fpr_enforced_macro_best,0.05,0.02,True,True,0.861072261072261,0.650089791407653,0.05,0.5504587155963303,1.0,0.0,0.0,36.0,ood_test_injection_standard,,,,,,,,,,,,,,,
ablation,A,M2_TFIDF_PLUS_FLAGS,OOD,0.5627195183140994,0.4686701845468449,0.6127062080301894,0.669838665132278,0.0130456598093326,0.0792774711490215,0.171098845960863,,,eval_track=ranking; policy=macro_f1; mode=macro_f1; t*=0.249; target_fpr=0.05; val_fpr=nan; macro_tol=0.020,ranking,macro_f1,0.249,macro_f1,,,False,False,0.8639269406392693,0.8639269406392693,,,,,,,ood_test_injection_standard,,,,,,,,,,,,,,,
ablation,A,M2_TFIDF_PLUS_FLAGS,OOD,0.6332162568991471,0.6305280373630314,0.6127062080301894,0.669838665132278,0.0130456598093326,0.0792774711490215,0.171098845960863,,,eval_track=deployment_threshold; policy=low_fpr_enforced; mode=low_fpr_enforced_macro_best; t*=0.964; target_fpr=0.05; val_fpr=0.050; macro_tol=0.020,deployment_threshold,low_fpr_enforced,0.964,low_fpr_enforced_macro_best,0.05,0.02,True,True,0.8639269406392693,0.7053672316384181,0.05,0.6330275229357798,1.0,0.0,0.0,37.0,ood_test_injection_standard,,,,,,,,,,,,,,,
ablation,A,M3_TFIDF_PLUS_FLAGS_PLUS_IBVS_V1_TOTAL,OOD,0.5707476166583041,0.4831464046140619,0.6240075081403147,0.6814649063996944,0.0135474159558454,0.0923231309583542,0.1776216758655293,,,eval_track=ranking; policy=macro_f1; mode=macro_f1; t*=0.304; target_fpr=0.05; val_fpr=nan; macro_tol=0.020,ranking,macro_f1,0.304,macro_f1,,,False,False,0.8692982456140351,0.8692982456140351,,,,,,,ood_test_injection_standard,,,,,,,,,,,,,,,
ablation,A,M3_TFIDF_PLUS_FLAGS_PLUS_IBVS_V1_TOTAL,OOD,0.6364776718514802,0.6349837842237818,0.6240075081403147,0.6814649063996944,0.0135474159558454,0.0923231309583542,0.1776216758655293,,,eval_track=deployment_threshold; policy=low_fpr_enforced; mode=low_fpr_enforced_macro_best; t*=0.963; target_fpr=0.05; val_fpr=0.050; macro_tol=0.020,deployment_threshold,low_fpr_enforced,0.963,low_fpr_enforced_macro_best,0.05,0.02,True,True,0.8692982456140351,0.7550290135396518,0.05,0.7064220183486238,1.0,0.0,0.0,38.0,ood_test_injection_standard,,,,,,,,,,,,,,,
ablation,A,M3_TFIDF_PLUS_FLAGS_PLUS_IBVS_V2_TOTAL,OOD,0.5657300551931761,0.4728684195990501,0.6197716124377595,0.677162592908597,0.0200702458605117,0.0868038133467135,0.1640742599096838,,,eval_track=ranking; policy=macro_f1; mode=macro_f1; t*=0.227; target_fpr=0.05; val_fpr=nan; macro_tol=0.020,ranking,macro_f1,0.227,macro_f1,,,False,False,0.879816342991872,0.879816342991872,,,,,,,ood_test_injection_standard,,,,,,,,,,,,,,,
ablation,A,M3_TFIDF_PLUS_FLAGS_PLUS_IBVS_V2_TOTAL,OOD,0.6417461113898645,0.6331546285869848,0.6197716124377595,0.677162592908597,0.0200702458605117,0.0868038133467135,0.1640742599096838,,,eval_track=deployment_threshold; policy=low_fpr_enforced; mode=low_fpr_enforced_macro_best; t*=0.938; target_fpr=0.05; val_fpr=0.050; macro_tol=0.020,deployment_threshold,low_fpr_enforced,0.938,low_fpr_enforced_macro_best,0.05,0.02,True,True,0.879816342991872,0.7932196669310071,0.05,0.7614678899082569,1.0,0.0,0.0,63.0,ood_test_injection_standard,,,,,,,,,,,,,,,
ablation,A,M3_TFIDF_PLUS_FLAGS_PLUS_IBVS_V2_STRUCTURED,OOD,0.5614651279478173,0.4667352834836852,0.6159087558292589,0.6702312836523417,0.0185649774209734,0.0812844957350727,0.1781234320120421,,,eval_track=ranking; policy=macro_f1; mode=macro_f1; t*=0.227; target_fpr=0.05; val_fpr=nan; macro_tol=0.020,ranking,macro_f1,0.227,macro_f1,,,False,False,0.8692982456140351,0.8692982456140351,,,,,,,ood_test_injection_standard,,,,,,,,,,,,,,,
ablation,A,M3_TFIDF_PLUS_FLAGS_PLUS_IBVS_V2_STRUCTURED,OOD,0.6322127446061214,0.6238596337645217,0.6159087558292589,0.6702312836523417,0.0185649774209734,0.0812844957350727,0.1781234320120421,,,eval_track=deployment_threshold; policy=low_fpr_enforced; mode=low_fpr_enforced_macro_best; t*=0.940; target_fpr=0.05; val_fpr=0.050; macro_tol=0.020,deployment_threshold,low_fpr_enforced,0.94,low_fpr_enforced_macro_best,0.05,0.02,True,True,0.8692982456140351,0.7867752282260054,0.05,0.7522935779816514,1.0,0.0,0.0,61.0,ood_test_injection_standard,,,,,,,,,,,,,,,
ablation,B,M1_TFIDF_ONLY,OOD,0.6315104166666666,0.6314048045043288,0.7283155407921191,0.6783616807725694,0.1588541666666666,0.3098958333333333,0.4166666666666667,,,eval_track=ranking; policy=macro_f1; mode=macro_f1; t*=0.415; target_fpr=0.05; val_fpr=nan; macro_tol=0.020,ranking,macro_f1,0.415,macro_f1,,,False,False,0.8747548332866348,0.8747548332866348,,,,,,,ood_test,,,,,,,,,,,,,,,
ablation,B,M1_TFIDF_ONLY,OOD,0.6002604166666666,0.5310730530490315,0.7283155407921191,0.6783616807725694,0.1588541666666666,0.3098958333333333,0.4166666666666667,,,eval_track=deployment_threshold; policy=low_fpr_enforced; mode=low_fpr_enforced_macro_best; t*=0.959; target_fpr=0.05; val_fpr=0.024; macro_tol=0.020,deployment_threshold,low_fpr_enforced,0.959,low_fpr_enforced_macro_best,0.05,0.02,True,True,0.8747548332866348,0.6464037970062066,0.024390243902439,0.5277777777777778,1.0,-0.0256097560975609,0.0,45.0,ood_test,,,,,,,,,,,,,,,
ablation,B,M2_TFIDF_PLUS_FLAGS,OOD,0.6861979166666666,0.6861931283538059,0.7470846537527296,0.7302313910590277,0.1015625,0.2760416666666667,0.3958333333333333,,,eval_track=ranking; policy=macro_f1; mode=macro_f1; t*=0.640; target_fpr=0.05; val_fpr=nan; macro_tol=0.020,ranking,macro_f1,0.64,macro_f1,,,False,False,0.8839563862928349,0.8839563862928349,,,,,,,ood_test,,,,,,,,,,,,,,,
ablation,B,M2_TFIDF_PLUS_FLAGS,OOD,0.59765625,0.5344404445447144,0.7470846537527296,0.7302313910590277,0.1015625,0.2760416666666667,0.3958333333333333,,,eval_track=deployment_threshold; policy=low_fpr_enforced; mode=low_fpr_enforced_macro_best; t*=0.983; target_fpr=0.05; val_fpr=0.049; macro_tol=0.020,deployment_threshold,low_fpr_enforced,0.983,low_fpr_enforced_macro_best,0.05,0.02,True,True,0.8839563862928349,0.6077523602033406,0.048780487804878,0.4814814814814814,1.0,-0.0012195121951219,0.0,18.0,ood_test,,,,,,,,,,,,,,,
ablation,B,M3_TFIDF_PLUS_FLAGS_PLUS_IBVS_V1_TOTAL,OOD,0.6822916666666666,0.6821860562931203,0.7440617475632489,0.722439236111111,0.0494791666666666,0.3307291666666667,0.40625,,,eval_track=ranking; policy=macro_f1; mode=macro_f1; t*=0.665; target_fpr=0.05; val_fpr=nan; macro_tol=0.020,ranking,macro_f1,0.665,macro_f1,,,False,False,0.8990514905149052,0.8990514905149052,,,,,,,ood_test,,,,,,,,,,,,,,,
ablation,B,M3_TFIDF_PLUS_FLAGS_PLUS_IBVS_V1_TOTAL,OOD,0.5390625,0.4216818263037429,0.7440617475632489,0.722439236111111,0.0494791666666666,0.3307291666666667,0.40625,,,eval_track=deployment_threshold; policy=low_fpr_enforced; mode=low_fpr_enforced_macro_best; t*=0.995; target_fpr=0.05; val_fpr=0.024; macro_tol=0.020,deployment_threshold,low_fpr_enforced,0.995,low_fpr_enforced_macro_best,0.05,0.02,True,True,0.8990514905149052,0.5369127516778524,0.024390243902439,0.3703703703703703,1.0,-0.0256097560975609,0.0,6.0,ood_test,,,,,,,,,,,,,,,
ablation,B,M3_TFIDF_PLUS_FLAGS_PLUS_IBVS_V2_TOTAL,OOD,0.69140625,0.6914015411612116,0.7555538459440571,0.7362433539496527,0.0989583333333333,0.3307291666666667,0.40625,,,eval_track=ranking; policy=macro_f1; mode=macro_f1; t*=0.625; target_fpr=0.05; val_fpr=nan; macro_tol=0.020,ranking,macro_f1,0.625,macro_f1,,,False,False,0.8839563862928349,0.8839563862928349,,,,,,,ood_test,,,,,,,,,,,,,,,
ablation,B,M3_TFIDF_PLUS_FLAGS_PLUS_IBVS_V2_TOTAL,OOD,0.59375,0.5272727272727273,0.7555538459440571,0.7362433539496527,0.0989583333333333,0.3307291666666667,0.40625,,,eval_track=deployment_threshold; policy=low_fpr_enforced; mode=low_fpr_enforced_macro_best; t*=0.984; target_fpr=0.05; val_fpr=0.049; macro_tol=0.020,deployment_threshold,low_fpr_enforced,0.984,low_fpr_enforced_macro_best,0.05,0.02,True,True,0.8839563862928349,0.6265664160401002,0.048780487804878,0.5092592592592593,1.0,-0.0012195121951219,0.0,17.0,ood_test,,,,,,,,,,,,,,,
ablation,B,M3_TFIDF_PLUS_FLAGS_PLUS_IBVS_V2_STRUCTURED,OOD,0.6888020833333334,0.6882942212365185,0.7584248558922455,0.7356770833333334,0.109375,0.3177083333333333,0.4270833333333333,,,eval_track=ranking; policy=macro_f1; mode=macro_f1; t*=0.704; target_fpr=0.05; val_fpr=nan; macro_tol=0.020,ranking,macro_f1,0.704,macro_f1,,,False,False,0.8855857832382624,0.8855857832382624,,,,,,,ood_test,,,,,,,,,,,,,,,
ablation,B,M3_TFIDF_PLUS_FLAGS_PLUS_IBVS_V2_STRUCTURED,OOD,0.60546875,0.5444884440642599,0.7584248558922455,0.7356770833333334,0.109375,0.3177083333333333,0.4270833333333333,,,eval_track=deployment_threshold; policy=low_fpr_enforced; mode=low_fpr_enforced_macro_best; t*=0.982; target_fpr=0.05; val_fpr=0.049; macro_tol=0.020,deployment_threshold,low_fpr_enforced,0.982,low_fpr_enforced_macro_best,0.05,0.02,True,True,0.8855857832382624,0.6328039430449068,0.048780487804878,0.5185185185185185,1.0,-0.0012195121951219,0.0,19.0,ood_test,,,,,,,,,,,,,,,
ablation,B,M1_TFIDF_ONLY,OOD,0.775811209439528,0.7645940883548814,0.9006907292962592,0.9181220142532696,0.1563421828908554,0.5221238938053098,0.672566371681416,,,eval_track=ranking; policy=macro_f1; mode=macro_f1; t*=0.415; target_fpr=0.05; val_fpr=nan; macro_tol=0.020,ranking,macro_f1,0.415,macro_f1,,,False,False,0.8747548332866348,0.8747548332866348,,,,,,,ood_test_injection,,,,,,,,,,,,,,,
ablation,B,M1_TFIDF_ONLY,OOD,0.8097345132743363,0.8086518203477269,0.9006907292962592,0.9181220142532696,0.1563421828908554,0.5221238938053098,0.672566371681416,,,eval_track=deployment_threshold; policy=low_fpr_enforced; mode=low_fpr_enforced_macro_best; t*=0.959; target_fpr=0.05; val_fpr=0.024; macro_tol=0.020,deployment_threshold,low_fpr_enforced,0.959,low_fpr_enforced_macro_best,0.05,0.02,True,True,0.8747548332866348,0.6464037970062066,0.024390243902439,0.5277777777777778,1.0,-0.0256097560975609,0.0,45.0,ood_test_injection,,,,,,,,,,,,,,,
ablation,B,M2_TFIDF_PLUS_FLAGS,OOD,0.7330383480825958,0.7135133242287355,0.6177478118512122,0.7457209735383438,0.0058997050147492,0.0088495575221238,0.0501474926253687,,,eval_track=ranking; policy=macro_f1; mode=macro_f1; t*=0.640; target_fpr=0.05; val_fpr=nan; macro_tol=0.020,ranking,macro_f1,0.64,macro_f1,,,False,False,0.8839563862928349,0.8839563862928349,,,,,,,ood_test_injection,,,,,,,,,,,,,,,
ablation,B,M2_TFIDF_PLUS_FLAGS,OOD,0.504424778761062,0.4437031755179386,0.6177478118512122,0.7457209735383438,0.0058997050147492,0.0088495575221238,0.0501474926253687,,,eval_track=deployment_threshold; policy=low_fpr_enforced; mode=low_fpr_enforced_macro_best; t*=0.983; target_fpr=0.05; val_fpr=0.049; macro_tol=0.020,deployment_threshold,low_fpr_enforced,0.983,low_fpr_enforced_macro_best,0.05,0.02,True,True,0.8839563862928349,0.6077523602033406,0.048780487804878,0.4814814814814814,1.0,-0.0012195121951219,0.0,18.0,ood_test_injection,,,,,,,,,,,,,,,
ablation,B,M3_TFIDF_PLUS_FLAGS_PLUS_IBVS_V1_TOTAL,OOD,0.724188790560472,0.703023730274546,0.6417243482936221,0.7712428537865141,0.0058997050147492,0.0176991150442477,0.0648967551622418,,,eval_track=ranking; policy=macro_f1; mode=macro_f1; t*=0.665; target_fpr=0.05; val_fpr=nan; macro_tol=0.020,ranking,macro_f1,0.665,macro_f1,,,False,False,0.8990514905149052,0.8990514905149052,,,,,,,ood_test_injection,,,,,,,,,,,,,,,
ablation,B,M3_TFIDF_PLUS_FLAGS_PLUS_IBVS_V1_TOTAL,OOD,0.4867256637168141,0.3658578539406775,0.6417243482936221,0.7712428537865141,0.0058997050147492,0.0176991150442477,0.0648967551622418,,,eval_track=deployment_threshold; policy=low_fpr_enforced; mode=low_fpr_enforced_macro_best; t*=0.995; target_fpr=0.05; val_fpr=0.024; macro_tol=0.020,deployment_threshold,low_fpr_enforced,0.995,low_fpr_enforced_macro_best,0.05,0.02,True,True,0.8990514905149052,0.5369127516778524,0.024390243902439,0.3703703703703703,1.0,-0.0256097560975609,0.0,6.0,ood_test_injection,,,,,,,,,,,,,,,
ablation,B,M3_TFIDF_PLUS_FLAGS_PLUS_IBVS_V2_TOTAL,OOD,0.7227138643067846,0.7006678752923716,0.6610319156043816,0.7934059049259926,0.0058997050147492,0.0147492625368731,0.0560471976401179,,,eval_track=ranking; policy=macro_f1; mode=macro_f1; t*=0.625; target_fpr=0.05; val_fpr=nan; macro_tol=0.020,ranking,macro_f1,0.625,macro_f1,,,False,False,0.8839563862928349,0.8839563862928349,,,,,,,ood_test_injection,,,,,,,,,,,,,,,
ablation,B,M3_TFIDF_PLUS_FLAGS_PLUS_IBVS_V2_TOTAL,OOD,0.5589970501474927,0.5201107862748116,0.6610319156043816,0.7934059049259926,0.0058997050147492,0.0147492625368731,0.0560471976401179,,,eval_track=deployment_threshold; policy=low_fpr_enforced; mode=low_fpr_enforced_macro_best; t*=0.984; target_fpr=0.05; val_fpr=0.049; macro_tol=0.020,deployment_threshold,low_fpr_enforced,0.984,low_fpr_enforced_macro_best,0.05,0.02,True,True,0.8839563862928349,0.6265664160401002,0.048780487804878,0.5092592592592593,1.0,-0.0012195121951219,0.0,17.0,ood_test_injection,,,,,,,,,,,,,,,
ablation,B,M3_TFIDF_PLUS_FLAGS_PLUS_IBVS_V2_STRUCTURED,OOD,0.7433628318584071,0.7278239202657807,0.6392135715954597,0.7643859694920858,0.0058997050147492,0.0147492625368731,0.0766961651917404,,,eval_track=ranking; policy=macro_f1; mode=macro_f1; t*=0.704; target_fpr=0.05; val_fpr=nan; macro_tol=0.020,ranking,macro_f1,0.704,macro_f1,,,False,False,0.8855857832382624,0.8855857832382624,,,,,,,ood_test_injection,,,,,,,,,,,,,,,
ablation,B,M3_TFIDF_PLUS_FLAGS_PLUS_IBVS_V2_STRUCTURED,OOD,0.532448377581121,0.481249773722892,0.6392135715954597,0.7643859694920858,0.0058997050147492,0.0147492625368731,0.0766961651917404,,,eval_track=deployment_threshold; policy=low_fpr_enforced; mode=low_fpr_enforced_macro_best; t*=0.982; target_fpr=0.05; val_fpr=0.049; macro_tol=0.020,deployment_threshold,low_fpr_enforced,0.982,low_fpr_enforced_macro_best,0.05,0.02,True,True,0.8855857832382624,0.6328039430449068,0.048780487804878,0.5185185185185185,1.0,-0.0012195121951219,0.0,19.0,ood_test_injection,,,,,,,,,,,,,,,
ablation,B,M1_TFIDF_ONLY,OOD,0.643251379829403,0.6010796293507162,0.7104545180389904,0.7547746767474419,0.0441545408931259,0.1690918213748118,0.2950326141495233,,,eval_track=ranking; policy=macro_f1; mode=macro_f1; t*=0.415; target_fpr=0.05; val_fpr=nan; macro_tol=0.020,ranking,macro_f1,0.415,macro_f1,,,False,False,0.8747548332866348,0.8747548332866348,,,,,,,ood_test_injection_standard,,,,,,,,,,,,,,,
ablation,B,M1_TFIDF_ONLY,OOD,0.6876567987957852,0.687501003603527,0.7104545180389904,0.7547746767474419,0.0441545408931259,0.1690918213748118,0.2950326141495233,,,eval_track=deployment_threshold; policy=low_fpr_enforced; mode=low_fpr_enforced_macro_best; t*=0.959; target_fpr=0.05; val_fpr=0.024; macro_tol=0.020,deployment_threshold,low_fpr_enforced,0.959,low_fpr_enforced_macro_best,0.05,0.02,True,True,0.8747548332866348,0.6464037970062066,0.024390243902439,0.5277777777777778,1.0,-0.0256097560975609,0.0,45.0,ood_test_injection_standard,,,,,,,,,,,,,,,
ablation,B,M2_TFIDF_PLUS_FLAGS,OOD,0.6166583040642248,0.5666552827203077,0.6324618108847739,0.683170952825607,0.0165579528349222,0.1053687907676869,0.2037129954841947,,,eval_track=ranking; policy=macro_f1; mode=macro_f1; t*=0.640; target_fpr=0.05; val_fpr=nan; macro_tol=0.020,ranking,macro_f1,0.64,macro_f1,,,False,False,0.8839563862928349,0.8839563862928349,,,,,,,ood_test_injection_standard,,,,,,,,,,,,,,,
ablation,B,M2_TFIDF_PLUS_FLAGS,OOD,0.5672353236327144,0.530354379120887,0.6324618108847739,0.683170952825607,0.0165579528349222,0.1053687907676869,0.2037129954841947,,,eval_track=deployment_threshold; policy=low_fpr_enforced; mode=low_fpr_enforced_macro_best; t*=0.983; target_fpr=0.05; val_fpr=0.049; macro_tol=0.020,deployment_threshold,low_fpr_enforced,0.983,low_fpr_enforced_macro_best,0.05,0.02,True,True,0.8839563862928349,0.6077523602033406,0.048780487804878,0.4814814814814814,1.0,-0.0012195121951219,0.0,18.0,ood_test_injection_standard,,,,,,,,,,,,,,,
ablation,B,M3_TFIDF_PLUS_FLAGS_PLUS_IBVS_V1_TOTAL,OOD,0.6164074259909684,0.566455181817477,0.6473345779781865,0.6944378077913943,0.0175614651279478,0.1169091821374811,0.2202709483191169,,,eval_track=ranking; policy=macro_f1; mode=macro_f1; t*=0.665; target_fpr=0.05; val_fpr=nan; macro_tol=0.020,ranking,macro_f1,0.665,macro_f1,,,False,False,0.8990514905149052,0.8990514905149052,,,,,,,ood_test_injection_standard,,,,,,,,,,,,,,,
ablation,B,M3_TFIDF_PLUS_FLAGS_PLUS_IBVS_V1_TOTAL,OOD,0.5306071249372805,0.4242777829285508,0.6473345779781865,0.6944378077913943,0.0175614651279478,0.1169091821374811,0.2202709483191169,,,eval_track=deployment_threshold; policy=low_fpr_enforced; mode=low_fpr_enforced_macro_best; t*=0.995; target_fpr=0.05; val_fpr=0.024; macro_tol=0.020,deployment_threshold,low_fpr_enforced,0.995,low_fpr_enforced_macro_best,0.05,0.02,True,True,0.8990514905149052,0.5369127516778524,0.024390243902439,0.3703703703703703,1.0,-0.0256097560975609,0.0,6.0,ood_test_injection_standard,,,,,,,,,,,,,,,
ablation,B,M3_TFIDF_PLUS_FLAGS_PLUS_IBVS_V2_TOTAL,OOD,0.611138986452584,0.5569510418100877,0.650887478168614,0.6967854626163978,0.0205720020070245,0.1209232313095835,0.2373306573005519,,,eval_track=ranking; policy=macro_f1; mode=macro_f1; t*=0.625; target_fpr=0.05; val_fpr=nan; macro_tol=0.020,ranking,macro_f1,0.625,macro_f1,,,False,False,0.8839563862928349,0.8839563862928349,,,,,,,ood_test_injection_standard,,,,,,,,,,,,,,,
ablation,B,M3_TFIDF_PLUS_FLAGS_PLUS_IBVS_V2_TOTAL,OOD,0.5998494731560462,0.5774878521452377,0.650887478168614,0.6967854626163978,0.0205720020070245,0.1209232313095835,0.2373306573005519,,,eval_track=deployment_threshold; policy=low_fpr_enforced; mode=low_fpr_enforced_macro_best; t*=0.984; target_fpr=0.05; val_fpr=0.049; macro_tol=0.020,deployment_threshold,low_fpr_enforced,0.984,low_fpr_enforced_macro_best,0.05,0.02,True,True,0.8839563862928349,0.6265664160401002,0.048780487804878,0.5092592592592593,1.0,-0.0012195121951219,0.0,17.0,ood_test_injection_standard,,,,,,,,,,,,,,,
ablation,B,M3_TFIDF_PLUS_FLAGS_PLUS_IBVS_V2_STRUCTURED,OOD,0.6214249874560963,0.5769043904175946,0.6539656503853799,0.6980081313196287,0.0235825388861013,0.126944305067737,0.2483692925238334,,,eval_track=ranking; policy=macro_f1; mode=macro_f1; t*=0.704; target_fpr=0.05; val_fpr=nan; macro_tol=0.020,ranking,macro_f1,0.704,macro_f1,,,False,False,0.8855857832382624,0.8855857832382624,,,,,,,ood_test_injection_standard,,,,,,,,,,,,,,,
ablation,B,M3_TFIDF_PLUS_FLAGS_PLUS_IBVS_V2_STRUCTURED,OOD,0.5945810336176618,0.571452598411786,0.6539656503853799,0.6980081313196287,0.0235825388861013,0.126944305067737,0.2483692925238334,,,eval_track=deployment_threshold; policy=low_fpr_enforced; mode=low_fpr_enforced_macro_best; t*=0.982; target_fpr=0.05; val_fpr=0.049; macro_tol=0.020,deployment_threshold,low_fpr_enforced,0.982,low_fpr_enforced_macro_best,0.05,0.02,True,True,0.8855857832382624,0.6328039430449068,0.048780487804878,0.5185185185185185,1.0,-0.0012195121951219,0.0,19.0,ood_test_injection_standard,,,,,,,,,,,,,,,
ablation,C,M1_TFIDF_ONLY,OOD,0.6354166666666666,0.6349983365809609,0.6991917205457198,0.6581319173177084,0.0729166666666666,0.2682291666666667,0.3802083333333333,,,eval_track=ranking; policy=macro_f1; mode=macro_f1; t*=0.600; target_fpr=0.05; val_fpr=nan; macro_tol=0.020,ranking,macro_f1,0.6,macro_f1,,,False,False,0.8508010680907877,0.8508010680907877,,,,,,,ood_test,,,,,,,,,,,,,,,
ablation,C,M1_TFIDF_ONLY,OOD,0.5533854166666666,0.4544901065449011,0.6991917205457198,0.6581319173177084,0.0729166666666666,0.2682291666666667,0.3802083333333333,,,eval_track=deployment_threshold; policy=low_fpr_enforced; mode=low_fpr_enforced_macro_best; t*=0.983; target_fpr=0.05; val_fpr=0.050; macro_tol=0.020,deployment_threshold,low_fpr_enforced,0.983,low_fpr_enforced_macro_best,0.05,0.02,True,True,0.8508010680907877,0.5300108147080029,0.05,0.3761467889908257,1.0,0.0,0.0,18.0,ood_test,,,,,,,,,,,,,,,
ablation,C,M2_TFIDF_PLUS_FLAGS,OOD,0.6184895833333334,0.5985893257555082,0.7517265670256772,0.7377251519097223,0.1041666666666666,0.2421875,0.4010416666666667,,,eval_track=ranking; policy=macro_f1; mode=macro_f1; t*=0.176; target_fpr=0.05; val_fpr=nan; macro_tol=0.020,ranking,macro_f1,0.176,macro_f1,,,False,False,0.8613265496060061,0.8613265496060061,,,,,,,ood_test,,,,,,,,,,,,,,,
ablation,C,M2_TFIDF_PLUS_FLAGS,OOD,0.60546875,0.5530552861299709,0.7517265670256772,0.7377251519097223,0.1041666666666666,0.2421875,0.4010416666666667,,,eval_track=deployment_threshold; policy=low_fpr_enforced; mode=low_fpr_enforced_macro_best; t*=0.969; target_fpr=0.05; val_fpr=0.050; macro_tol=0.020,deployment_threshold,low_fpr_enforced,0.969,low_fpr_enforced_macro_best,0.05,0.02,True,True,0.8613265496060061,0.6623815028901734,0.05,0.5688073394495413,1.0,0.0,0.0,32.0,ood_test,,,,,,,,,,,,,,,
ablation,C,M3_TFIDF_PLUS_FLAGS_PLUS_IBVS_V1_TOTAL,OOD,0.6666666666666666,0.6653594771241831,0.7406577824547589,0.71673583984375,0.078125,0.296875,0.3723958333333333,,,eval_track=ranking; policy=macro_f1; mode=macro_f1; t*=0.523; target_fpr=0.05; val_fpr=nan; macro_tol=0.020,ranking,macro_f1,0.523,macro_f1,,,False,False,0.8803899082568807,0.8803899082568807,,,,,,,ood_test,,,,,,,,,,,,,,,
ablation,C,M3_TFIDF_PLUS_FLAGS_PLUS_IBVS_V1_TOTAL,OOD,0.6510416666666666,0.6312323073064106,0.7406577824547589,0.71673583984375,0.078125,0.296875,0.3723958333333333,,,eval_track=deployment_threshold; policy=low_fpr_enforced; mode=low_fpr_enforced_macro_best; t*=0.915; target_fpr=0.05; val_fpr=0.050; macro_tol=0.020,deployment_threshold,low_fpr_enforced,0.915,low_fpr_enforced_macro_best,0.05,0.02,True,True,0.8803899082568807,0.8062224889955982,0.05,0.7798165137614679,1.0,0.0,0.0,86.0,ood_test,,,,,,,,,,,,,,,
ablation,C,M3_TFIDF_PLUS_FLAGS_PLUS_IBVS_V2_TOTAL,OOD,0.6419270833333334,0.6305102003327507,0.7479140533986457,0.7323235405815973,0.0833333333333333,0.2578125,0.390625,,,eval_track=ranking; policy=macro_f1; mode=macro_f1; t*=0.244; target_fpr=0.05; val_fpr=nan; macro_tol=0.020,ranking,macro_f1,0.244,macro_f1,,,False,False,0.8639269406392693,0.8639269406392693,,,,,,,ood_test,,,,,,,,,,,,,,,
ablation,C,M3_TFIDF_PLUS_FLAGS_PLUS_IBVS_V2_TOTAL,OOD,0.5950520833333334,0.5334845102278787,0.7479140533986457,0.7323235405815973,0.0833333333333333,0.2578125,0.390625,,,eval_track=deployment_threshold; policy=low_fpr_enforced; mode=low_fpr_enforced_macro_best; t*=0.972; target_fpr=0.05; val_fpr=0.050; macro_tol=0.020,deployment_threshold,low_fpr_enforced,0.972,low_fpr_enforced_macro_best,0.05,0.02,True,True,0.8639269406392693,0.650089791407653,0.05,0.5504587155963303,1.0,0.0,0.0,29.0,ood_test,,,,,,,,,,,,,,,
ablation,C,M3_TFIDF_PLUS_FLAGS_PLUS_IBVS_V2_STRUCTURED,OOD,0.6184895833333334,0.6000277284531256,0.7487629930644533,0.7345445421006944,0.0729166666666666,0.2395833333333333,0.4270833333333333,,,eval_track=ranking; policy=macro_f1; mode=macro_f1; t*=0.174; target_fpr=0.05; val_fpr=nan; macro_tol=0.020,ranking,macro_f1,0.174,macro_f1,,,False,False,0.8613265496060061,0.8613265496060061,,,,,,,ood_test,,,,,,,,,,,,,,,
ablation,C,M3_TFIDF_PLUS_FLAGS_PLUS_IBVS_V2_STRUCTURED,OOD,0.6223958333333334,0.5815295815295816,0.7487629930644533,0.7345445421006944,0.0729166666666666,0.2395833333333333,0.4270833333333333,,,eval_track=deployment_threshold; policy=low_fpr_enforced; mode=low_fpr_enforced_macro_best; t*=0.959; target_fpr=0.05; val_fpr=0.050; macro_tol=0.020,deployment_threshold,low_fpr_enforced,0.959,low_fpr_enforced_macro_best,0.05,0.02,True,True,0.8613265496060061,0.7176960970064419,0.05,0.6513761467889908,1.0,0.0,0.0,42.0,ood_test,,,,,,,,,,,,,,,
ablation,C,M1_TFIDF_ONLY,OOD,0.7713864306784661,0.7610521074208225,0.8947177027523023,0.9137015863071152,0.2064896755162241,0.4572271386430678,0.7551622418879056,,,eval_track=ranking; policy=macro_f1; mode=macro_f1; t*=0.600; target_fpr=0.05; val_fpr=nan; macro_tol=0.020,ranking,macro_f1,0.6,macro_f1,,,False,False,0.8508010680907877,0.8508010680907877,,,,,,,ood_test_injection,,,,,,,,,,,,,,,
ablation,C,M1_TFIDF_ONLY,OOD,0.7595870206489675,0.7516779277508017,0.8947177027523023,0.9137015863071152,0.2064896755162241,0.4572271386430678,0.7551622418879056,,,eval_track=deployment_threshold; policy=low_fpr_enforced; mode=low_fpr_enforced_macro_best; t*=0.983; target_fpr=0.05; val_fpr=0.050; macro_tol=0.020,deployment_threshold,low_fpr_enforced,0.983,low_fpr_enforced_macro_best,0.05,0.02,True,True,0.8508010680907877,0.5300108147080029,0.05,0.3761467889908257,1.0,0.0,0.0,18.0,ood_test_injection,,,,,,,,,,,,,,,
ablation,C,M2_TFIDF_PLUS_FLAGS,OOD,0.6386430678466076,0.5843706760012911,0.6893798193320441,0.7956857319375918,0.0147492625368731,0.0560471976401179,0.1415929203539823,,,eval_track=ranking; policy=macro_f1; mode=macro_f1; t*=0.176; target_fpr=0.05; val_fpr=nan; macro_tol=0.020,ranking,macro_f1,0.176,macro_f1,,,False,False,0.8613265496060061,0.8613265496060061,,,,,,,ood_test_injection,,,,,,,,,,,,,,,
ablation,C,M2_TFIDF_PLUS_FLAGS,OOD,0.6784660766961652,0.6750017590768365,0.6893798193320441,0.7956857319375918,0.0147492625368731,0.0560471976401179,0.1415929203539823,,,eval_track=deployment_threshold; policy=low_fpr_enforced; mode=low_fpr_enforced_macro_best; t*=0.969; target_fpr=0.05; val_fpr=0.050; macro_tol=0.020,deployment_threshold,low_fpr_enforced,0.969,low_fpr_enforced_macro_best,0.05,0.02,True,True,0.8613265496060061,0.6623815028901734,0.05,0.5688073394495413,1.0,0.0,0.0,32.0,ood_test_injection,,,,,,,,,,,,,,,
ablation,C,M3_TFIDF_PLUS_FLAGS_PLUS_IBVS_V1_TOTAL,OOD,0.7168141592920354,0.6926796101835764,0.7026266336109981,0.8110658626360717,0.0117994100294985,0.0648967551622418,0.191740412979351,,,eval_track=ranking; policy=macro_f1; mode=macro_f1; t*=0.523; target_fpr=0.05; val_fpr=nan; macro_tol=0.020,ranking,macro_f1,0.523,macro_f1,,,False,False,0.8803899082568807,0.8803899082568807,,,,,,,ood_test_injection,,,,,,,,,,,,,,,
ablation,C,M3_TFIDF_PLUS_FLAGS_PLUS_IBVS_V1_TOTAL,OOD,0.8067846607669616,0.8047625642141638,0.7026266336109981,0.8110658626360717,0.0117994100294985,0.0648967551622418,0.191740412979351,,,eval_track=deployment_threshold; policy=low_fpr_enforced; mode=low_fpr_enforced_macro_best; t*=0.915; target_fpr=0.05; val_fpr=0.050; macro_tol=0.020,deployment_threshold,low_fpr_enforced,0.915,low_fpr_enforced_macro_best,0.05,0.02,True,True,0.8803899082568807,0.8062224889955982,0.05,0.7798165137614679,1.0,0.0,0.0,86.0,ood_test_injection,,,,,,,,,,,,,,,
ablation,C,M3_TFIDF_PLUS_FLAGS_PLUS_IBVS_V2_TOTAL,OOD,0.6592920353982301,0.6145480319844066,0.7170859458250209,0.8118707633939837,0.023598820058997,0.0855457227138643,0.2182890855457227,,,eval_track=ranking; policy=macro_f1; mode=macro_f1; t*=0.244; target_fpr=0.05; val_fpr=nan; macro_tol=0.020,ranking,macro_f1,0.244,macro_f1,,,False,False,0.8639269406392693,0.8639269406392693,,,,,,,ood_test_injection,,,,,,,,,,,,,,,
ablation,C,M3_TFIDF_PLUS_FLAGS_PLUS_IBVS_V2_TOTAL,OOD,0.6932153392330384,0.6891005291005291,0.7170859458250209,0.8118707633939837,0.023598820058997,0.0855457227138643,0.2182890855457227,,,eval_track=deployment_threshold; policy=low_fpr_enforced; mode=low_fpr_enforced_macro_best; t*=0.972; target_fpr=0.05; val_fpr=0.050; macro_tol=0.020,deployment_threshold,low_fpr_enforced,0.972,low_fpr_enforced_macro_best,0.05,0.02,True,True,0.8639269406392693,0.650089791407653,0.05,0.5504587155963303,1.0,0.0,0.0,29.0,ood_test_injection,,,,,,,,,,,,,,,
ablation,C,M3_TFIDF_PLUS_FLAGS_PLUS_IBVS_V2_STRUCTURED,OOD,0.6415929203539823,0.5887678310681792,0.7091012221720167,0.8034475857328078,0.0206489675516224,0.0973451327433628,0.2094395280235988,,,eval_track=ranking; policy=macro_f1; mode=macro_f1; t*=0.174; target_fpr=0.05; val_fpr=nan; macro_tol=0.020,ranking,macro_f1,0.174,macro_f1,,,False,False,0.8613265496060061,0.8613265496060061,,,,,,,ood_test_injection,,,,,,,,,,,,,,,
ablation,C,M3_TFIDF_PLUS_FLAGS_PLUS_IBVS_V2_STRUCTURED,OOD,0.7286135693215339,0.7283772132275455,0.7091012221720167,0.8034475857328078,0.0206489675516224,0.0973451327433628,0.2094395280235988,,,eval_track=deployment_threshold; policy=low_fpr_enforced; mode=low_fpr_enforced_macro_best; t*=0.959; target_fpr=0.05; val_fpr=0.050; macro_tol=0.020,deployment_threshold,low_fpr_enforced,0.959,low_fpr_enforced_macro_best,0.05,0.02,True,True,0.8613265496060061,0.7176960970064419,0.05,0.6513761467889908,1.0,0.0,0.0,42.0,ood_test_injection,,,,,,,,,,,,,,,
ablation,C,M1_TFIDF_ONLY,OOD,0.6460110386352232,0.6136871842413795,0.6918015356651896,0.7325759324721322,0.0456598093326643,0.1560461615654791,0.2609131961866532,,,eval_track=ranking; policy=macro_f1; mode=macro_f1; t*=0.600; target_fpr=0.05; val_fpr=nan; macro_tol=0.020,ranking,macro_f1,0.6,macro_f1,,,False,False,0.8508010680907877,0.8508010680907877,,,,,,,ood_test_injection_standard,,,,,,,,,,,,,,,
ablation,C,M1_TFIDF_ONLY,OOD,0.6480180632212744,0.6449755222103049,0.6918015356651896,0.7325759324721322,0.0456598093326643,0.1560461615654791,0.2609131961866532,,,eval_track=deployment_threshold; policy=low_fpr_enforced; mode=low_fpr_enforced_macro_best; t*=0.983; target_fpr=0.05; val_fpr=0.050; macro_tol=0.020,deployment_threshold,low_fpr_enforced,0.983,low_fpr_enforced_macro_best,0.05,0.02,True,True,0.8508010680907877,0.5300108147080029,0.05,0.3761467889908257,1.0,0.0,0.0,18.0,ood_test_injection_standard,,,,,,,,,,,,,,,
ablation,C,M2_TFIDF_PLUS_FLAGS,OOD,0.5704967385850477,0.4814207545627008,0.6037677594350275,0.6638865734032988,0.0100351229302558,0.0697441043652784,0.1630707476166583,,,eval_track=ranking; policy=macro_f1; mode=macro_f1; t*=0.176; target_fpr=0.05; val_fpr=nan; macro_tol=0.020,ranking,macro_f1,0.176,macro_f1,,,False,False,0.8613265496060061,0.8613265496060061,,,,,,,ood_test_injection_standard,,,,,,,,,,,,,,,
ablation,C,M2_TFIDF_PLUS_FLAGS,OOD,0.6056196688409433,0.6049009993886236,0.6037677594350275,0.6638865734032988,0.0100351229302558,0.0697441043652784,0.1630707476166583,,,eval_track=deployment_threshold; policy=low_fpr_enforced; mode=low_fpr_enforced_macro_best; t*=0.969; target_fpr=0.05; val_fpr=0.050; macro_tol=0.020,deployment_threshold,low_fpr_enforced,0.969,low_fpr_enforced_macro_best,0.05,0.02,True,True,0.8613265496060061,0.6623815028901734,0.05,0.5688073394495413,1.0,0.0,0.0,32.0,ood_test_injection_standard,,,,,,,,,,,,,,,
ablation,C,M3_TFIDF_PLUS_FLAGS_PLUS_IBVS_V1_TOTAL,OOD,0.6021073758153538,0.5440830133205329,0.59166832043577,0.6535093096787074,0.0090316106372303,0.0772704465629704,0.1430005017561465,,,eval_track=ranking; policy=macro_f1; mode=macro_f1; t*=0.523; target_fpr=0.05; val_fpr=nan; macro_tol=0.020,ranking,macro_f1,0.523,macro_f1,,,False,False,0.8803899082568807,0.8803899082568807,,,,,,,ood_test_injection_standard,,,,,,,,,,,,,,,
ablation,C,M3_TFIDF_PLUS_FLAGS_PLUS_IBVS_V1_TOTAL,OOD,0.6322127446061214,0.6255423522406546,0.59166832043577,0.6535093096787074,0.0090316106372303,0.0772704465629704,0.1430005017561465,,,eval_track=deployment_threshold; policy=low_fpr_enforced; mode=low_fpr_enforced_macro_best; t*=0.915; target_fpr=0.05; val_fpr=0.050; macro_tol=0.020,deployment_threshold,low_fpr_enforced,0.915,low_fpr_enforced_macro_best,0.05,0.02,True,True,0.8803899082568807,0.8062224889955982,0.05,0.7798165137614679,1.0,0.0,0.0,86.0,ood_test_injection_standard,,,,,,,,,,,,,,,
ablation,C,M3_TFIDF_PLUS_FLAGS_PLUS_IBVS_V2_TOTAL,OOD,0.5762669342699448,0.494514395558628,0.6122833038572211,0.6651720560345554,0.0190667335674862,0.0948319116909182,0.1585549422980431,,,eval_track=ranking; policy=macro_f1; mode=macro_f1; t*=0.244; target_fpr=0.05; val_fpr=nan; macro_tol=0.020,ranking,macro_f1,0.244,macro_f1,,,False,False,0.8639269406392693,0.8639269406392693,,,,,,,ood_test_injection_standard,,,,,,,,,,,,,,,
ablation,C,M3_TFIDF_PLUS_FLAGS_PLUS_IBVS_V2_TOTAL,OOD,0.5988459608630206,0.5963249283313017,0.6122833038572211,0.6651720560345554,0.0190667335674862,0.0948319116909182,0.1585549422980431,,,eval_track=deployment_threshold; policy=low_fpr_enforced; mode=low_fpr_enforced_macro_best; t*=0.972; target_fpr=0.05; val_fpr=0.050; macro_tol=0.020,deployment_threshold,low_fpr_enforced,0.972,low_fpr_enforced_macro_best,0.05,0.02,True,True,0.8639269406392693,0.650089791407653,0.05,0.5504587155963303,1.0,0.0,0.0,29.0,ood_test_injection_standard,,,,,,,,,,,,,,,
ablation,C,M3_TFIDF_PLUS_FLAGS_PLUS_IBVS_V2_STRUCTURED,OOD,0.5689914701455093,0.478816722316799,0.6293656024505618,0.6794990444478404,0.0250878073256397,0.1023582538886101,0.1806322127446061,,,eval_track=ranking; policy=macro_f1; mode=macro_f1; t*=0.174; target_fpr=0.05; val_fpr=nan; macro_tol=0.020,ranking,macro_f1,0.174,macro_f1,,,False,False,0.8613265496060061,0.8613265496060061,,,,,,,ood_test_injection_standard,,,,,,,,,,,,,,,
ablation,C,M3_TFIDF_PLUS_FLAGS_PLUS_IBVS_V2_STRUCTURED,OOD,0.6261916708479679,0.6261328430306107,0.6293656024505618,0.6794990444478404,0.0250878073256397,0.1023582538886101,0.1806322127446061,,,eval_track=deployment_threshold; policy=low_fpr_enforced; mode=low_fpr_enforced_macro_best; t*=0.959; target_fpr=0.05; val_fpr=0.050; macro_tol=0.020,deployment_threshold,low_fpr_enforced,0.959,low_fpr_enforced_macro_best,0.05,0.02,True,True,0.8613265496060061,0.7176960970064419,0.05,0.6513761467889908,1.0,0.0,0.0,42.0,ood_test_injection_standard,,,,,,,,,,,,,,,
semantic,A,SEM_LOGREG_BGE,OOD,0.7213541666666666,0.712057184904867,0.8289582573644597,0.8294474283854167,0.1822916666666666,0.3984375,0.5,,,policy=macro_f1; t*=0.392; val_fpr=0.2250; score=semantic_proba; ood_name=ood_test,deployment_threshold,,,,,,,,,,,,,,,,ood_test,,,,,,,,,,,,,,,
semantic,A,SEM_LOGREG_BGE,OOD,0.5973451327433629,0.5785991553496419,0.5755234143649135,0.615109510011225,0.0147492625368731,0.0707964601769911,0.1238938053097345,,,policy=macro_f1; t*=0.392; val_fpr=0.2250; score=semantic_proba; ood_name=ood_test_injection,deployment_threshold,,,,,,,,,,,,,,,,ood_test_injection,,,,,,,,,,,,,,,
semantic,A,SEM_LOGREG_BGE,OOD,0.7042147516307075,0.6909766852313233,0.7699628175320297,0.8023828507654361,0.0617160060210737,0.2358253888610135,0.417962870045158,,,policy=macro_f1; t*=0.392; val_fpr=0.2250; score=semantic_proba; ood_name=ood_test_injection_standard,deployment_threshold,,,,,,,,,,,,,,,,ood_test_injection_standard,,,,,,,,,,,,,,,
semantic,B,SEM_LOGREG_BGE,OOD,0.7213541666666666,0.7212010178117048,0.8234672894197381,0.8194037543402777,0.1744791666666666,0.40625,0.5182291666666666,,,policy=macro_f1; t*=0.451; val_fpr=0.0976; score=semantic_proba; ood_name=ood_test,deployment_threshold,,,,,,,,,,,,,,,,ood_test,,,,,,,,,,,,,,,
semantic,B,SEM_LOGREG_BGE,OOD,0.6327433628318584,0.6284359146482377,0.6060359203084342,0.6513169916725402,0.0117994100294985,0.0825958702064896,0.168141592920354,,,policy=macro_f1; t*=0.451; val_fpr=0.0976; score=semantic_proba; ood_name=ood_test_injection,deployment_threshold,,,,,,,,,,,,,,,,ood_test_injection,,,,,,,,,,,,,,,
semantic,B,SEM_LOGREG_BGE,OOD,0.7325639739086803,0.731121035007934,0.766423076134995,0.8029417562572869,0.0572002007024586,0.2328148519819367,0.3998996487706974,,,policy=macro_f1; t*=0.451; val_fpr=0.0976; score=semantic_proba; ood_name=ood_test_injection_standard,deployment_threshold,,,,,,,,,,,,,,,,ood_test_injection_standard,,,,,,,,,,,,,,,
semantic,C,SEM_LOGREG_BGE,OOD,0.71875,0.7170228445099485,0.8407780453574847,0.8335842556423612,0.203125,0.4401041666666667,0.5625,,,policy=macro_f1; t*=0.407; val_fpr=0.1500; score=semantic_proba; ood_name=ood_test,deployment_threshold,,,,,,,,,,,,,,,,ood_test,,,,,,,,,,,,,,,
semantic,C,SEM_LOGREG_BGE,OOD,0.6460176991150443,0.6371485657199942,0.6486017986173127,0.6751072475874731,0.0147492625368731,0.135693215339233,0.2123893805309734,,,policy=macro_f1; t*=0.407; val_fpr=0.1500; score=semantic_proba; ood_name=ood_test_injection,deployment_threshold,,,,,,,,,,,,,,,,ood_test_injection,,,,,,,,,,,,,,,
semantic,C,SEM_LOGREG_BGE,OOD,0.7293025589563472,0.7236716912628052,0.7673570295865617,0.8027531885935949,0.0687405920722528,0.2383341695935775,0.4114400401404917,,,policy=macro_f1; t*=0.407; val_fpr=0.1500; score=semantic_proba; ood_name=ood_test_injection_standard,deployment_threshold,,,,,,,,,,,,,,,,ood_test_injection_standard,,,,,,,,,,,,,,,
transformer_hybrid,A,HYBRID_ROBERTA_IBVS_TOTAL_LOGREG,OOD,0.7408854166666666,0.7403461439791776,0.8810122727833702,0.8624064127604167,0.484375,0.5807291666666666,0.609375,,,policy=macro_f1; t*=0.928; val_macro_f1=0.9664; score=late_fusion_logreg; base=TRANSFORMER_ROBERTA_BASE; feature_mode=total; C=0.1; train_score_source=in_sample_roberta_train_scores; backbone=roberta-base; max_len=256; epochs=3; lr=2e-05; device=mps; ood_name=ood_test,deployment_threshold,,,,,,,,,,,,,,,,ood_test,TRANSFORMER_ROBERTA_BASE,logistic_regression,total,0.1,in_sample_roberta_train_scores,roberta-base,256.0,2e-05,3.0,8.0,16.0,0.01,0.1,42.0,mps
transformer_hybrid,A,HYBRID_ROBERTA_IBVS_STRUCTURED_LOGREG,OOD,0.73828125,0.7378541358516327,0.8810122727833702,0.8624064127604167,0.484375,0.5807291666666666,0.609375,,,policy=macro_f1; t*=0.925; val_macro_f1=0.9664; score=late_fusion_logreg; base=TRANSFORMER_ROBERTA_BASE; feature_mode=structured; C=0.1; train_score_source=in_sample_roberta_train_scores; backbone=roberta-base; max_len=256; epochs=3; lr=2e-05; device=mps; ood_name=ood_test,deployment_threshold,,,,,,,,,,,,,,,,ood_test,TRANSFORMER_ROBERTA_BASE,logistic_regression,structured,0.1,in_sample_roberta_train_scores,roberta-base,256.0,2e-05,3.0,8.0,16.0,0.01,0.1,42.0,mps
transformer_hybrid,A,HYBRID_ROBERTA_IBVS_TOTAL_LOGREG,OOD,0.5398230088495575,0.5366620815335956,0.7435574739203941,0.7002723610132178,0.0943952802359882,0.3805309734513274,0.4749262536873156,,,policy=macro_f1; t*=0.928; val_macro_f1=0.9664; score=late_fusion_logreg; base=TRANSFORMER_ROBERTA_BASE; feature_mode=total; C=0.1; train_score_source=in_sample_roberta_train_scores; backbone=roberta-base; max_len=256; epochs=3; lr=2e-05; device=mps; ood_name=ood_test_injection,deployment_threshold,,,,,,,,,,,,,,,,ood_test_injection,TRANSFORMER_ROBERTA_BASE,logistic_regression,total,0.1,in_sample_roberta_train_scores,roberta-base,256.0,2e-05,3.0,8.0,16.0,0.01,0.1,42.0,mps
transformer_hybrid,A,HYBRID_ROBERTA_IBVS_STRUCTURED_LOGREG,OOD,0.5398230088495575,0.5354206198608475,0.7744969039067762,0.717719128792823,0.3008849557522124,0.3952802359882006,0.4896755162241888,,,policy=macro_f1; t*=0.925; val_macro_f1=0.9664; score=late_fusion_logreg; base=TRANSFORMER_ROBERTA_BASE; feature_mode=structured; C=0.1; train_score_source=in_sample_roberta_train_scores; backbone=roberta-base; max_len=256; epochs=3; lr=2e-05; device=mps; ood_name=ood_test_injection,deployment_threshold,,,,,,,,,,,,,,,,ood_test_injection,TRANSFORMER_ROBERTA_BASE,logistic_regression,structured,0.1,in_sample_roberta_train_scores,roberta-base,256.0,2e-05,3.0,8.0,16.0,0.01,0.1,42.0,mps
transformer_hybrid,A,HYBRID_ROBERTA_IBVS_TOTAL_LOGREG,OOD,0.6713497240341194,0.6624281465594262,0.7855012679961335,0.7973435121268644,0.0988459608630205,0.3321625689914701,0.4380331159056698,,,policy=macro_f1; t*=0.928; val_macro_f1=0.9664; score=late_fusion_logreg; base=TRANSFORMER_ROBERTA_BASE; feature_mode=total; C=0.1; train_score_source=in_sample_roberta_train_scores; backbone=roberta-base; max_len=256; epochs=3; lr=2e-05; device=mps; ood_name=ood_test_injection_standard,deployment_threshold,,,,,,,,,,,,,,,,ood_test_injection_standard,TRANSFORMER_ROBERTA_BASE,logistic_regression,total,0.1,in_sample_roberta_train_scores,roberta-base,256.0,2e-05,3.0,8.0,16.0,0.01,0.1,42.0,mps
transformer_hybrid,A,HYBRID_ROBERTA_IBVS_STRUCTURED_LOGREG,OOD,0.6791269443050677,0.6679595684075021,0.7936246937583318,0.8087336032360124,0.1179126944305067,0.3261414952333166,0.4520822880080281,,,policy=macro_f1; t*=0.925; val_macro_f1=0.9664; score=late_fusion_logreg; base=TRANSFORMER_ROBERTA_BASE; feature_mode=structured; C=0.1; train_score_source=in_sample_roberta_train_scores; backbone=roberta-base; max_len=256; epochs=3; lr=2e-05; device=mps; ood_name=ood_test_injection_standard,deployment_threshold,,,,,,,,,,,,,,,,ood_test_injection_standard,TRANSFORMER_ROBERTA_BASE,logistic_regression,structured,0.1,in_sample_roberta_train_scores,roberta-base,256.0,2e-05,3.0,8.0,16.0,0.01,0.1,42.0,mps
transformer_hybrid,B,HYBRID_ROBERTA_IBVS_TOTAL_LOGREG,OOD,0.7330729166666666,0.7258093448438607,0.871171231074477,0.8512946234809028,0.4479166666666667,0.5729166666666666,0.6041666666666666,,,policy=macro_f1; t*=0.072; val_macro_f1=0.9746; score=late_fusion_logreg; base=TRANSFORMER_ROBERTA_BASE; feature_mode=total; C=0.1; train_score_source=in_sample_roberta_train_scores; backbone=roberta-base; max_len=256; epochs=3; lr=2e-05; device=mps; ood_name=ood_test,deployment_threshold,,,,,,,,,,,,,,,,ood_test,TRANSFORMER_ROBERTA_BASE,logistic_regression,total,0.1,in_sample_roberta_train_scores,roberta-base,256.0,2e-05,3.0,8.0,16.0,0.01,0.1,42.0,mps
transformer_hybrid,B,HYBRID_ROBERTA_IBVS_STRUCTURED_LOGREG,OOD,0.734375,0.7270275355955591,0.871171231074477,0.8512946234809028,0.4479166666666667,0.5729166666666666,0.6041666666666666,,,policy=macro_f1; t*=0.071; val_macro_f1=0.9746; score=late_fusion_logreg; base=TRANSFORMER_ROBERTA_BASE; feature_mode=structured; C=0.1; train_score_source=in_sample_roberta_train_scores; backbone=roberta-base; max_len=256; epochs=3; lr=2e-05; device=mps; ood_name=ood_test,deployment_threshold,,,,,,,,,,,,,,,,ood_test,TRANSFORMER_ROBERTA_BASE,logistic_regression,structured,0.1,in_sample_roberta_train_scores,roberta-base,256.0,2e-05,3.0,8.0,16.0,0.01,0.1,42.0,mps
transformer_hybrid,B,HYBRID_ROBERTA_IBVS_TOTAL_LOGREG,OOD,0.6268436578171092,0.5768719397131192,0.7546264628296537,0.7153435838532557,0.1002949852507374,0.4070796460176991,0.471976401179941,,,policy=macro_f1; t*=0.072; val_macro_f1=0.9746; score=late_fusion_logreg; base=TRANSFORMER_ROBERTA_BASE; feature_mode=total; C=0.1; train_score_source=in_sample_roberta_train_scores; backbone=roberta-base; max_len=256; epochs=3; lr=2e-05; device=mps; ood_name=ood_test_injection,deployment_threshold,,,,,,,,,,,,,,,,ood_test_injection,TRANSFORMER_ROBERTA_BASE,logistic_regression,total,0.1,in_sample_roberta_train_scores,roberta-base,256.0,2e-05,3.0,8.0,16.0,0.01,0.1,42.0,mps
transformer_hybrid,B,HYBRID_ROBERTA_IBVS_STRUCTURED_LOGREG,OOD,0.6283185840707964,0.5780583214793742,0.7796051607003456,0.7355922764333759,0.2359882005899705,0.4247787610619469,0.4926253687315634,,,policy=macro_f1; t*=0.071; val_macro_f1=0.9746; score=late_fusion_logreg; base=TRANSFORMER_ROBERTA_BASE; feature_mode=structured; C=0.1; train_score_source=in_sample_roberta_train_scores; backbone=roberta-base; max_len=256; epochs=3; lr=2e-05; device=mps; ood_name=ood_test_injection,deployment_threshold,,,,,,,,,,,,,,,,ood_test_injection,TRANSFORMER_ROBERTA_BASE,logistic_regression,structured,0.1,in_sample_roberta_train_scores,roberta-base,256.0,2e-05,3.0,8.0,16.0,0.01,0.1,42.0,mps
transformer_hybrid,B,HYBRID_ROBERTA_IBVS_TOTAL_LOGREG,OOD,0.6585549422980431,0.6162825693578812,0.7947456437861378,0.8080337125750463,0.0988459608630205,0.3140993477170095,0.5082789764174611,,,policy=macro_f1; t*=0.072; val_macro_f1=0.9746; score=late_fusion_logreg; base=TRANSFORMER_ROBERTA_BASE; feature_mode=total; C=0.1; train_score_source=in_sample_roberta_train_scores; backbone=roberta-base; max_len=256; epochs=3; lr=2e-05; device=mps; ood_name=ood_test_injection_standard,deployment_threshold,,,,,,,,,,,,,,,,ood_test_injection_standard,TRANSFORMER_ROBERTA_BASE,logistic_regression,total,0.1,in_sample_roberta_train_scores,roberta-base,256.0,2e-05,3.0,8.0,16.0,0.01,0.1,42.0,mps
transformer_hybrid,B,HYBRID_ROBERTA_IBVS_STRUCTURED_LOGREG,OOD,0.6583040642247867,0.6159287227223913,0.8012363837676568,0.8181272436467929,0.1118916206723532,0.2980431510286001,0.5077772202709483,,,policy=macro_f1; t*=0.071; val_macro_f1=0.9746; score=late_fusion_logreg; base=TRANSFORMER_ROBERTA_BASE; feature_mode=structured; C=0.1; train_score_source=in_sample_roberta_train_scores; backbone=roberta-base; max_len=256; epochs=3; lr=2e-05; device=mps; ood_name=ood_test_injection_standard,deployment_threshold,,,,,,,,,,,,,,,,ood_test_injection_standard,TRANSFORMER_ROBERTA_BASE,logistic_regression,structured,0.1,in_sample_roberta_train_scores,roberta-base,256.0,2e-05,3.0,8.0,16.0,0.01,0.1,42.0,mps
transformer_hybrid,C,HYBRID_ROBERTA_IBVS_TOTAL_LOGREG,OOD,0.7838541666666666,0.7830065359477124,0.9017377117304854,0.8884006076388888,0.4348958333333333,0.609375,0.6848958333333334,,,policy=macro_f1; t*=0.398; val_macro_f1=0.9742; score=late_fusion_logreg; base=TRANSFORMER_ROBERTA_BASE; feature_mode=total; C=0.1; train_score_source=in_sample_roberta_train_scores; backbone=roberta-base; max_len=256; epochs=3; lr=2e-05; device=mps; ood_name=ood_test,deployment_threshold,,,,,,,,,,,,,,,,ood_test,TRANSFORMER_ROBERTA_BASE,logistic_regression,total,0.1,in_sample_roberta_train_scores,roberta-base,256.0,2e-05,3.0,8.0,16.0,0.01,0.1,42.0,mps
transformer_hybrid,C,HYBRID_ROBERTA_IBVS_STRUCTURED_LOGREG,OOD,0.7838541666666666,0.7830065359477124,0.9017436847820886,0.8884073893229166,0.4348958333333333,0.609375,0.6848958333333334,,,policy=macro_f1; t*=0.394; val_macro_f1=0.9742; score=late_fusion_logreg; base=TRANSFORMER_ROBERTA_BASE; feature_mode=structured; C=0.1; train_score_source=in_sample_roberta_train_scores; backbone=roberta-base; max_len=256; epochs=3; lr=2e-05; device=mps; ood_name=ood_test,deployment_threshold,,,,,,,,,,,,,,,,ood_test,TRANSFORMER_ROBERTA_BASE,logistic_regression,structured,0.1,in_sample_roberta_train_scores,roberta-base,256.0,2e-05,3.0,8.0,16.0,0.01,0.1,42.0,mps
transformer_hybrid,C,HYBRID_ROBERTA_IBVS_TOTAL_LOGREG,OOD,0.7256637168141593,0.7043604651162791,0.8239750181374135,0.8190931161406532,0.1091445427728613,0.5014749262536873,0.6017699115044248,,,policy=macro_f1; t*=0.398; val_macro_f1=0.9742; score=late_fusion_logreg; base=TRANSFORMER_ROBERTA_BASE; feature_mode=total; C=0.1; train_score_source=in_sample_roberta_train_scores; backbone=roberta-base; max_len=256; epochs=3; lr=2e-05; device=mps; ood_name=ood_test_injection,deployment_threshold,,,,,,,,,,,,,,,,ood_test_injection,TRANSFORMER_ROBERTA_BASE,logistic_regression,total,0.1,in_sample_roberta_train_scores,roberta-base,256.0,2e-05,3.0,8.0,16.0,0.01,0.1,42.0,mps
transformer_hybrid,C,HYBRID_ROBERTA_IBVS_STRUCTURED_LOGREG,OOD,0.7256637168141593,0.7043604651162791,0.8497327481874436,0.834033814533462,0.3008849557522124,0.5132743362831859,0.6135693215339233,,,policy=macro_f1; t*=0.394; val_macro_f1=0.9742; score=late_fusion_logreg; base=TRANSFORMER_ROBERTA_BASE; feature_mode=structured; C=0.1; train_score_source=in_sample_roberta_train_scores; backbone=roberta-base; max_len=256; epochs=3; lr=2e-05; device=mps; ood_name=ood_test_injection,deployment_threshold,,,,,,,,,,,,,,,,ood_test_injection,TRANSFORMER_ROBERTA_BASE,logistic_regression,structured,0.1,in_sample_roberta_train_scores,roberta-base,256.0,2e-05,3.0,8.0,16.0,0.01,0.1,42.0,mps
transformer_hybrid,C,HYBRID_ROBERTA_IBVS_TOTAL_LOGREG,OOD,0.6655795283492223,0.6262515257963245,0.7846577419021628,0.7978720806314323,0.0983442047165077,0.3035624686402408,0.4601103863522328,,,policy=macro_f1; t*=0.398; val_macro_f1=0.9742; score=late_fusion_logreg; base=TRANSFORMER_ROBERTA_BASE; feature_mode=total; C=0.1; train_score_source=in_sample_roberta_train_scores; backbone=roberta-base; max_len=256; epochs=3; lr=2e-05; device=mps; ood_name=ood_test_injection_standard,deployment_threshold,,,,,,,,,,,,,,,,ood_test_injection_standard,TRANSFORMER_ROBERTA_BASE,logistic_regression,total,0.1,in_sample_roberta_train_scores,roberta-base,256.0,2e-05,3.0,8.0,16.0,0.01,0.1,42.0,mps
transformer_hybrid,C,HYBRID_ROBERTA_IBVS_STRUCTURED_LOGREG,OOD,0.6653286502759659,0.6259030685758026,0.7920021427213475,0.8081529205707181,0.1239337681886603,0.2920220772704465,0.4671349724034119,,,policy=macro_f1; t*=0.394; val_macro_f1=0.9742; score=late_fusion_logreg; base=TRANSFORMER_ROBERTA_BASE; feature_mode=structured; C=0.1; train_score_source=in_sample_roberta_train_scores; backbone=roberta-base; max_len=256; epochs=3; lr=2e-05; device=mps; ood_name=ood_test_injection_standard,deployment_threshold,,,,,,,,,,,,,,,,ood_test_injection_standard,TRANSFORMER_ROBERTA_BASE,logistic_regression,structured,0.1,in_sample_roberta_train_scores,roberta-base,256.0,2e-05,3.0,8.0,16.0,0.01,0.1,42.0,mps
transformer,A,TRANSFORMER_ROBERTA_BASE,OOD,0.73828125,0.7378541358516327,0.8800407512385564,0.8617723253038194,0.4739583333333333,0.578125,0.6067708333333334,,,policy=macro_f1; t*=0.988; val_fpr=0.0250; score=transformer_proba; backbone=roberta-base; max_len=256; epochs=3; lr=2e-05; device=mps; ood_name=ood_test,deployment_threshold,,,,,,,,,,,,,,,,ood_test,,,,,,roberta-base,256.0,2e-05,3.0,8.0,16.0,0.01,0.1,42.0,mps
transformer,A,TRANSFORMER_DEBERTA_BASE,OOD,0.7565104166666666,0.7522251532461617,0.8616549046408359,0.8459269205729166,0.3333333333333333,0.5364583333333334,0.609375,,,policy=macro_f1; t*=0.978; val_fpr=0.0000; score=transformer_proba; backbone=microsoft/deberta-base; max_len=256; epochs=3; lr=2e-05; device=mps; ood_name=ood_test,deployment_threshold,,,,,,,,,,,,,,,,ood_test,,,,,,microsoft/deberta-base,256.0,2e-05,3.0,8.0,16.0,0.01,0.1,42.0,mps
transformer,A,TRANSFORMER_ROBERTA_BASE,OOD,0.6504424778761062,0.6341684975013375,0.773994795040116,0.7826680937339564,0.1091445427728613,0.2448377581120944,0.4542772861356932,,,policy=macro_f1; t*=0.988; val_fpr=0.0250; score=transformer_proba; backbone=roberta-base; max_len=256; epochs=3; lr=2e-05; device=mps; ood_name=ood_test_injection,deployment_threshold,,,,,,,,,,,,,,,,ood_test_injection,,,,,,roberta-base,256.0,2e-05,3.0,8.0,16.0,0.01,0.1,42.0,mps
transformer,A,TRANSFORMER_DEBERTA_BASE,OOD,0.7949852507374632,0.7891276864728192,0.9180118866608104,0.9125660236162232,0.551622418879056,0.6548672566371682,0.6991150442477876,,,policy=macro_f1; t*=0.978; val_fpr=0.0000; score=transformer_proba; backbone=microsoft/deberta-base; max_len=256; epochs=3; lr=2e-05; device=mps; ood_name=ood_test_injection,deployment_threshold,,,,,,,,,,,,,,,,ood_test_injection,,,,,,microsoft/deberta-base,256.0,2e-05,3.0,8.0,16.0,0.01,0.1,42.0,mps
transformer,A,TRANSFORMER_ROBERTA_BASE,OOD,0.7104867034621174,0.6913712251072388,0.8088885049315979,0.8326119592180258,0.1174109382839939,0.2849974912192674,0.4410436527847466,,,policy=macro_f1; t*=0.988; val_fpr=0.0250; score=transformer_proba; backbone=roberta-base; max_len=256; epochs=3; lr=2e-05; device=mps; ood_name=ood_test_injection_standard,deployment_threshold,,,,,,,,,,,,,,,,ood_test_injection_standard,,,,,,roberta-base,256.0,2e-05,3.0,8.0,16.0,0.01,0.1,42.0,mps
transformer,A,TRANSFORMER_DEBERTA_BASE,OOD,0.6886603110888109,0.6605526527307746,0.7705958685471501,0.8112791408162386,0.0381334671349724,0.2473657802308078,0.4174611138986452,,,policy=macro_f1; t*=0.978; val_fpr=0.0000; score=transformer_proba; backbone=microsoft/deberta-base; max_len=256; epochs=3; lr=2e-05; device=mps; ood_name=ood_test_injection_standard,deployment_threshold,,,,,,,,,,,,,,,,ood_test_injection_standard,,,,,,microsoft/deberta-base,256.0,2e-05,3.0,8.0,16.0,0.01,0.1,42.0,mps
transformer,B,TRANSFORMER_ROBERTA_BASE,OOD,0.734375,0.7270275355955591,0.8701000274806936,0.8507622612847223,0.4453125,0.5703125,0.6015625,,,policy=macro_f1; t*=0.147; val_fpr=0.0488; score=transformer_proba; backbone=roberta-base; max_len=256; epochs=3; lr=2e-05; device=mps; ood_name=ood_test,deployment_threshold,,,,,,,,,,,,,,,,ood_test,,,,,,roberta-base,256.0,2e-05,3.0,8.0,16.0,0.01,0.1,42.0,mps
transformer,B,TRANSFORMER_DEBERTA_BASE,OOD,0.7135416666666666,0.7114103588923733,0.8482981698602416,0.8354560004340278,0.3411458333333333,0.4921875,0.5442708333333334,,,policy=macro_f1; t*=0.482; val_fpr=0.0244; score=transformer_proba; backbone=microsoft/deberta-base; max_len=256; epochs=3; lr=2e-05; device=mps; ood_name=ood_test,deployment_threshold,,,,,,,,,,,,,,,,ood_test,,,,,,microsoft/deberta-base,256.0,2e-05,3.0,8.0,16.0,0.01,0.1,42.0,mps
transformer,B,TRANSFORMER_ROBERTA_BASE,OOD,0.6312684365781711,0.5823683043413985,0.8063609518475353,0.8019030464405984,0.2212389380530973,0.3451327433628318,0.4985250737463126,,,policy=macro_f1; t*=0.147; val_fpr=0.0488; score=transformer_proba; backbone=roberta-base; max_len=256; epochs=3; lr=2e-05; device=mps; ood_name=ood_test_injection,deployment_threshold,,,,,,,,,,,,,,,,ood_test_injection,,,,,,roberta-base,256.0,2e-05,3.0,8.0,16.0,0.01,0.1,42.0,mps
transformer,B,TRANSFORMER_DEBERTA_BASE,OOD,0.7448377581120944,0.7318890105444098,0.7105549920142377,0.7429190487378285,0.168141592920354,0.2064896755162241,0.2359882005899705,,,policy=macro_f1; t*=0.482; val_fpr=0.0244; score=transformer_proba; backbone=microsoft/deberta-base; max_len=256; epochs=3; lr=2e-05; device=mps; ood_name=ood_test_injection,deployment_threshold,,,,,,,,,,,,,,,,ood_test_injection,,,,,,microsoft/deberta-base,256.0,2e-05,3.0,8.0,16.0,0.01,0.1,42.0,mps
transformer,B,TRANSFORMER_ROBERTA_BASE,OOD,0.6580531861515304,0.6157186936332051,0.823108592634037,0.850780919369323,0.1058705469141997,0.3371801304565981,0.5288509784244857,,,policy=macro_f1; t*=0.147; val_fpr=0.0488; score=transformer_proba; backbone=roberta-base; max_len=256; epochs=3; lr=2e-05; device=mps; ood_name=ood_test_injection_standard,deployment_threshold,,,,,,,,,,,,,,,,ood_test_injection_standard,,,,,,roberta-base,256.0,2e-05,3.0,8.0,16.0,0.01,0.1,42.0,mps
transformer,B,TRANSFORMER_DEBERTA_BASE,OOD,0.6801304565980933,0.6477215737827189,0.7719011856595737,0.7812905883084524,0.1369794279979929,0.2890115403913698,0.4079277471149021,,,policy=macro_f1; t*=0.482; val_fpr=0.0244; score=transformer_proba; backbone=microsoft/deberta-base; max_len=256; epochs=3; lr=2e-05; device=mps; ood_name=ood_test_injection_standard,deployment_threshold,,,,,,,,,,,,,,,,ood_test_injection_standard,,,,,,microsoft/deberta-base,256.0,2e-05,3.0,8.0,16.0,0.01,0.1,42.0,mps
transformer,C,TRANSFORMER_ROBERTA_BASE,OOD,0.7786458333333334,0.7782608695652173,0.9011148087686583,0.8898247612847223,0.3880208333333333,0.5989583333333334,0.6822916666666666,,,policy=macro_f1; t*=0.396; val_fpr=0.0500; score=transformer_proba; backbone=roberta-base; max_len=256; epochs=3; lr=2e-05; device=mps; ood_name=ood_test,deployment_threshold,,,,,,,,,,,,,,,,ood_test,,,,,,roberta-base,256.0,2e-05,3.0,8.0,16.0,0.01,0.1,42.0,mps
transformer,C,TRANSFORMER_DEBERTA_BASE,OOD,0.7981770833333334,0.7947667592492021,0.8844107236788172,0.8807373046875,0.3359375,0.5364583333333334,0.6015625,,,policy=macro_f1; t*=0.028; val_fpr=0.0500; score=transformer_proba; backbone=microsoft/deberta-base; max_len=256; epochs=3; lr=2e-05; device=mps; ood_name=ood_test,deployment_threshold,,,,,,,,,,,,,,,,ood_test,,,,,,microsoft/deberta-base,256.0,2e-05,3.0,8.0,16.0,0.01,0.1,42.0,mps
transformer,C,TRANSFORMER_ROBERTA_BASE,OOD,0.7153392330383481,0.6913551418402077,0.8554492514730065,0.9177130376519522,0.0029498525073746,0.4542772861356932,0.7551622418879056,,,policy=macro_f1; t*=0.396; val_fpr=0.0500; score=transformer_proba; backbone=roberta-base; max_len=256; epochs=3; lr=2e-05; device=mps; ood_name=ood_test_injection,deployment_threshold,,,,,,,,,,,,,,,,ood_test_injection,,,,,,roberta-base,256.0,2e-05,3.0,8.0,16.0,0.01,0.1,42.0,mps
transformer,C,TRANSFORMER_DEBERTA_BASE,OOD,0.7020648967551623,0.6730423987776929,0.9635702496243712,0.9797643598646026,0.336283185840708,0.9380530973451328,0.9941002949852508,,,policy=macro_f1; t*=0.028; val_fpr=0.0500; score=transformer_proba; backbone=microsoft/deberta-base; max_len=256; epochs=3; lr=2e-05; device=mps; ood_name=ood_test_injection,deployment_threshold,,,,,,,,,,,,,,,,ood_test_injection,,,,,,microsoft/deberta-base,256.0,2e-05,3.0,8.0,16.0,0.01,0.1,42.0,mps
transformer,C,TRANSFORMER_ROBERTA_BASE,OOD,0.6618163572503764,0.6210057012137403,0.8036504073017819,0.8350463450979584,0.0772704465629704,0.3020572002007025,0.4485699949824385,,,policy=macro_f1; t*=0.396; val_fpr=0.0500; score=transformer_proba; backbone=roberta-base; max_len=256; epochs=3; lr=2e-05; device=mps; ood_name=ood_test_injection_standard,deployment_threshold,,,,,,,,,,,,,,,,ood_test_injection_standard,,,,,,roberta-base,256.0,2e-05,3.0,8.0,16.0,0.01,0.1,42.0,mps
transformer,C,TRANSFORMER_DEBERTA_BASE,OOD,0.6495233316608129,0.6021851219758056,0.8304216128899362,0.852804811823822,0.1194179628700451,0.342197691921726,0.535373808329152,,,policy=macro_f1; t*=0.028; val_fpr=0.0500; score=transformer_proba; backbone=microsoft/deberta-base; max_len=256; epochs=3; lr=2e-05; device=mps; ood_name=ood_test_injection_standard,deployment_threshold,,,,,,,,,,,,,,,,ood_test_injection_standard,,,,,,microsoft/deberta-base,256.0,2e-05,3.0,8.0,16.0,0.01,0.1,42.0,mps
